CODIGO;token;;significado;enunciado
PHAD-1021;1;pendejo;tonto ; Veníahaciéndome la pendeja 
PHAD-360;1;estrecho;;No tehagás el estrecho Estamos
PHAD-1221;1;tarado;loco; -No tehagas el tarado
PHAD-926;1;muerto;muerto;Sehace el muerto
PHAD-971;1;ofendido;;Sehace la ofendida 
PHAD-106;1;callado;; Siempre sehacía la calladita y
PHAD-1059;1;piola;idiom: el listo Arg; sorete, no tehagás el piola con
PHAD-123;1;chistoso;;- No sehaga el chistoso que
PHAD-732;1;listo;;-confesé sinhacerme el listo
PHAD-1110;1;serio;;-contestaron ellas,haciéndose las serias
PHAD-276;1;duro;;-continúa Muría- Noshacemos los duros Nos
PHAD-121;1;chistoso;;-Dale Sehace el chistosito 
PHAD-281;1;duro;;-dijo ellahaciéndose la dura
PHAD-664;1;interesante;;-dijo Lavaritohaciéndose el interesante
PHAD-622;1;interesado;;-dijo Tatu,haciéndose el interesado 
PHAD-495;1;güeva;tonto imbécil huevón-perezoso;-dijo- No tehagas la güeva 
PHAD-418;1;fuerte ;;-le dice,haciéndose el fuerte,
PHAD-462;1;gracioso;;-le dijehaciéndome el gracioso-
PHAD-381;1;experto;;-Le dije,haciéndome el experto 
PHAD-651;1;interesante;;"-respondió Doblónhaciéndose el interesante-;"
PHAD-611;1;inocente;;-respondió Renata,haciéndose la inocente
PHAD-374;1;estúpido ;;¡Y élhaciéndose el estúpido,
PHAD-507;1;huevón;tonto, imbécil, huevón-perezoso;¿Por qué tehaces el huevón Mondaca,
PHAD-314;1;encontradizo;;…l siguióhaciéndose el encontradizo
PHAD-101;1;cabrón;;"""Asere, no tehagas el cabrón"
PHAD-547;1;importante ;;"""sobre"" quisohacerse el importante,"
PHAD-880;1;matón;;() No No tehagas el matón No
PHAD-1288;1;tonto;tonto;(Asombrado Incrédulo) ¿Tehaces el tonto o
PHAD-1203;1;sordo;;1988, no puedehacerse el sordo
PHAD-1153;1;sonsito;tonto ;a cualquiera, sehacía el sonsito pero
PHAD-734;1;listo;;a escaparhaciéndote el listo
PHAD-830;1;loco;;a menudo Sehace el loco como
PHAD-1395;1;vivo;;a nohacerse la viva
PHAD-1372;1;valiente ;;a Reedhaciéndose el valiente:
PHAD-704;1;leso;tonto Chile;a rondar, sehacía la lesa trataba
PHAD-53;1;boludo;tonto Arg RepDom;a seguirhaciéndote la boluda 
PHAD-279;1;duro;;a segundo,haciéndose la dura,
PHAD-829;1;loco;;abrirle comohaciéndome el loco 
PHAD-893;1;misterioso;;absurdos yhaciéndose la misteriosa,
PHAD-1200;1;sordo;;acordeón Decidióhacerse el sordo
PHAD-670;1;interesante;;"acusaban de "" hacerse el interesante"""
PHAD-555;1;independiente;;además dehacerse el independiente 
PHAD-472;1;gracioso;;advierto parahacerme el gracioso
PHAD-319;1;encontradizo;;ahí afuerahaciéndose el encontradizo
PHAD-1018;1;pelotudo;tonto Arg Bol Ur;ahí, no tehagas el pelotudo Pero
PHAD-224;1;digno;;ahora ahacerte la digna,
PHAD-1338;1;tonto;tonto;ahora No tehagas el tonto Para
PHAD-1103;1;santurrón;santo;ahora porhacerte la santurrona 
PHAD-828;1;loco;;al empujarme, sehizo el loco o
PHAD-1209;1;sordo ;;al oído,hacerse el sordo,
PHAD-987;1;ofendido;;alegaciones Podríahacerse el ofendido 
PHAD-463;1;gracioso;;alguno dehacerme el gracioso,
PHAD-421;1;fuerte ;;allá ¡Claro!,haciéndose las fuertes,
PHAD-827;1;loco;;allí y sehizo el loco a
PHAD-514;1;huevón;tonto, imbécil, huevón-perezoso;amanezca yhacernos los huevones 
PHAD-1344;1;tonto;;ambos sortearonhaciéndose los tontos
PHAD-826;1;loco;;Ambrosio, no sehaga el loco El
PHAD-856;1;loco;;amenaza pero sehacen los locos Doy
PHAD-410;1;fuerte;;Andrés intentandohacerse el fuerte
PHAD-1223;1;tarado;loco;Antenor, no tehagas el tarado Gritó
PHAD-133;1;chulo;;antes dehacerte el chulito 
PHAD-287;1;encantador;;antes quehacerme el encantador 
PHAD-380;1;experto;;anticipo y,haciéndome la experta 
PHAD-650;1;interesante;;años -continuó,haciéndose la interesante-,
PHAD-615;1;inteligente;;años dehacerme el inteligente
PHAD-337;1;ensimismado;;aparta y,haciéndose la ensimismada,
PHAD-952;1;muerto;muerto;aplastarlos porque sehacen los muertos me
PHAD-333;1;enfermo;;apostar que sehará el enfermo o
PHAD-680;1;interesante ;;aprendas ahacerte el interesante,
PHAD-546;1;importante ;;aprovecha parahacerse el importante,
PHAD-772;1;loco;;aquel asunto, sehizo la loca y
PHAD-1337;1;tonto;tonto;aquella historia,hacerme el tonto 
PHAD-657;1;interesante;;aquello parahacerse el interesante
PHAD-38;1;bobo;tonto;aquí, pero sehace la boba Yo
PHAD-986;1;ofendido;;argüir yo,haciéndome el ofendido 
PHAD-905;1;moderno;;artísticos quierenhacerse los modernos,
PHAD-384;1;extraño;;Así que sehizo el extraño el
PHAD-951;1;muerto;muerto;atención Nosotros noshicimos los muertos también,
PHAD-771;1;loco;;aún dehacerme la loca 
PHAD-945;1;muerto;muerto;aún- decidióhacerse el muerto 
PHAD-500;1;güevón;tonto imbécil huevón-perezoso;aunque ahora sehace el güevón resulta
PHAD-242;1;distraído;despistado;bañaba yhaciéndome el distraído 
PHAD-653;1;interesante;;Basta dehacerme el interesante
PHAD-144;1;ciego;;bastón, yhacerse el ciego
PHAD-24;1;baboso;;bien o tehacés el baboso mijo
PHAD-72;1;boludo;tonto Arg RepDom;bien pero tehacés el boludo Siempre
PHAD-533;1;imbécil;tonto, imbécil;bien, no tehagas el imbécil Hubiera
PHAD-1044;1;pendejo;tonto ;bien! No sehaga el pendejo súbase
PHAD-273;1;duro;;bobo, porque sehace el duro el
PHAD-386;1;extravagante;;boca llena,haciéndose el extravagante 
PHAD-71;1;boludo;tonto Arg RepDom;boludo Siempre tehacés el boludo cuando
PHAD-416;1;fuerte ;;brazo yhacerse el fuerte,
PHAD-774;1;loco;;"buena parte ""sehace la loca"" ante"
PHAD-1343;1;tonto;;bueno dehacerse los tontos
PHAD-1139;1;simpático;;bueno parahacerse el simpático:
PHAD-160;1;compasivo;;burlarse, parahacerse los compasivos
PHAD-825;1;loco;;busca o mehago el loco Aquí
PHAD-855;1;loco;;cambiar pareja,haciéndose los locos 
PHAD-147;1;ciego ;;cambio dehacerse el ciego,
PHAD-621;1;interesado;;canción, élhaciéndose el interesado 
PHAD-1206;1;sordo;;capacidad parahacerse el sordo
PHAD-272;1;duro;;cara-, no tehagas el duro que
PHAD-524;1;idiota;tonto, imbécil;caras yhacernos los idiotas 
PHAD-1076;1;remolón;;Carla refunfuñó, sehizo la remolona adoptó
PHAD-671;1;interesante;;ceja parahacerse el interesante&
PHAD-189;1;despistado;despistado;cerca o sehará la despistada 
PHAD-864;1;magnánimo ;;cervezas, ahacerse el magnánimo,
PHAD-468;1;gracioso;;Chacaltana, Luquen,haciéndose el gracioso,
PHAD-483;1;gracioso;;"china?"", dije,haciéndome el gracioso"
PHAD-718;1;lindo;;"chofer ""lindorfea"" (sehace el lindo con"
PHAD-143;1;ciego;;ciegos o sehacen los ciegos y
PHAD-854;1;loco;;"civil, pero ""sehacen los locos y"
PHAD-1336;1;tonto;tonto;Collell No sehaga el tonto si
PHAD-316;1;encontradizo;;Comencé ahacerme el encontradizo
PHAD-581;1;ingenuo;;como estaba, sehizo el ingenuo como
PHAD-1002;1;papo;tonto Hond;como indección?hacéte el papo 
PHAD-491;1;guapo;;como parahacerse el guapo 
PHAD-1054;1;pícaro;;"como parahacerse el pícaro"""
PHAD-1143;1;simpático;;como parahacerse el simpático
PHAD-1335;1;tonto;tonto;cómo, no tehagas el tonto Tú
PHAD-10;1;ancho;;compinches escolares sehizo el ancho Golpeó
PHAD-1122;1;simpático;;comportamiento yhaciéndose la simpática
PHAD-970;1;occiso ;;comprometió ahacerse el occiso,
PHAD-25;1;baboso;;CON ESTO SEHARÁN LOS BABOSOS ¿ACASO
PHAD-91;1;bueno;;confesarlo quehacerme la buenita 
PHAD-1025;1;pendejo;tonto ;conmigo no tehagas la pendeja 
PHAD-662;1;interesante;;conmigo parahacerse la interesante
PHAD-249;1;dormido;;"Conté Mientras TeHacías La Dormida"" Es"
PHAD-77;1;boludo;tonto Arg RepDom;convenía que sehiciesen los boludos 
PHAD-862;1;longuis;despistado idiom;copas Yo mehice el longuis para
PHAD-1070;1;raro;;cosas, dehacerte el raro
PHAD-44;1;bobo;tonto;creo que sehizo el bobo porque
PHAD-1213;1;sospechoso;;crimen, inclusohacerse la sospechosa,
PHAD-456;1;gracioso;;cuando quierehacerse el gracioso
PHAD-420;1;fuerte ;;Cuando quierenhacerse los fuertes
PHAD-502;1;histérico;;cuantas horashaciéndome la histérica
PHAD-648;1;interesante;;cuartos traseroshaciéndose el interesante
PHAD-620;1;interesado;;"cuénteme"", dijo,haciéndose el interesado "
PHAD-770;1;loco;;cuentos Ella sehizo la loca (no
PHAD-417;1;fuerte ;;cuesta tantohacerse la fuerte,
PHAD-453;1;gracioso;;cuestión dehacerse la graciosa,
PHAD-769;1;loco;;culiao? ¿o sehace la loca y
PHAD-175;1;culto;;culta, ohacerme el culto
PHAD-172;1;culto;;culta, ohacerme el culto 
PHAD-944;1;muerto;muerto;cumanés que sehizo el muerto en
PHAD-1071;1;raro;;da porhacerte el raro
PHAD-227;1;discapacitado;;Daba gustohacerme el discapacitado 
PHAD-1340;1;tonto;tonto;de baba ¿Tehaces el tonto? ¿Conmigo?
PHAD-1273;1;tonto;tonto;de blanco sehace la tonta y
PHAD-523;1;idiota;tonto, imbécil;de cuajo,haciéndome el idiota 
PHAD-953;1;muerto;muerto;"de defenderse, sehacen los muertos"" "
PHAD-1334;1;tonto;tonto;de distraído,haciéndose el tonto 
PHAD-616;1;inteligente;;de estahaciéndose la inteligente
PHAD-188;1;despistado;despistado;de filo,haciéndose la despistada 
PHAD-1366;1;valiente;;de frío,haciéndose el valiente
PHAD-427;1;graciosete;gracioso;de izquierda: sehace el graciosete pero
PHAD-985;1;ofendido;;de Manuel Sehacía el ofendido 
PHAD-1210;1;sordo ;;"de nadahacerse el sordo;"
PHAD-1272;1;tonto;tonto;de nada Mehice la tonta y
PHAD-1333;1;tonto;tonto;de permiso sehizo el tonto escuchó
PHAD-1060;1;piola;idiom: el listo Arg;de seguridad,haciéndose los piolas 
PHAD-315;1;encontradizo;;de semana,haciéndose el encontradizo
PHAD-977;1;ofendido;;debatía entrehacerme la ofendida 
PHAD-642;1;interesante;;decía porhacerse la interesante
PHAD-545;1;importante;;decir Ellahaciéndose la importante)
PHAD-501;1;hambriento;;decírmelo y tehiciste la hambrienta Suleima
PHAD-606;1;inocente;;dedicas ahacerte el inocente
PHAD-601;1;inocente;;dedicas ahacerte el inocente 
PHAD-1332;1;tonto;tonto;defensiva, pero sehace el tonto y
PHAD-898;1;misterioso;;dejá dehacerte el misterioso
PHAD-768;1;loco;;deja dehacerte la loca 
PHAD-1368;1;valiente;;deja dehacerte la valiente
PHAD-1151;1;solemne;;dejan dehacerse los solemnes
PHAD-458;1;gracioso;;dejar dehacerte el gracioso
PHAD-767;1;loco;;dejar dehacerte la loca 
PHAD-853;1;loco;;dejaron entrarhaciéndose los locos 
PHAD-1204;1;sordo;;dejarse acorralar,haciéndose el sordo
PHAD-464;1;gracioso;;deje dehacerse el gracioso,
PHAD-152;1;cojo;;del cochehaciéndome el cojo 
PHAD-1193;1;sordo;tonto ;del juego, sehacen las sordas cuando
PHAD-1075;1;remolón;;del partido, sehizo el remolón merodeó
PHAD-499;1;güevón;tonto imbécil huevón-perezoso;"dentro ""No sehaga el güevón que"
PHAD-572;1;inflexible ;;derretida, perohaciéndose la inflexible,
PHAD-571;1;infeliz;;descarado que sehacía el infeliz para
PHAD-271;1;duro;;deseo Seguíhaciéndome el duro 
PHAD-824;1;loco;;despide Decidohacerme el loco 
PHAD-362;1;estrecho;;"despreocupadamente: ""No sehaga el estrecho "
PHAD-719;1;listillo;;Después dehacerme la listilla 
PHAD-250;1;dormido;;día siguiente, mehice el dormido y
PHAD-426;1;gil;tonto;días dehacerme el gil 
PHAD-37;1;bobo;tonto;dicho comohaciéndome la boba 
PHAD-130;1;chistoso;;dicho: no tehagas el chistoso es
PHAD-516;1;humilde;;digo parahacerme el humilde
PHAD-1397;1;vivo;;digo quehaciéndose el vivo
PHAD-823;1;loco;;digo que sehizo el loco pues!
PHAD-1135;1;simpático;;dijo Acasuzo haciéndose el simpático
PHAD-1136;1;simpático;;dijo Gómez,haciéndose el simpático-
PHAD-1271;1;tonto;tonto;divertirme yhacerme la tonta 
PHAD-369;1;estúpido;;dolor yhaciéndome la estúpida
PHAD-567;1;indiferente ;;dominarse yhacerse el indiferente,
PHAD-735;1;listo;;dos quierenhacerse los listos
PHAD-1098;1;santo;santo;dos semanas sehizo la santa empleando
PHAD-1205;1;sordo;;dudé sihacerme el sordo
PHAD-638;1;interesante;;dura dehacerse el interesante
PHAD-1199;1;sordo;tonto ;e inclusohaciéndonos los sordos 
PHAD-635;1;interesante;;e intentéhacerme el interesante
PHAD-1080;1;remolón;;edad andeshaciéndote la remolona 
PHAD-414;1;fuerte;;el abrazohaciéndose la fuerte
PHAD-822;1;loco;;el árbitro sehizo el loco Recuerdo
PHAD-1019;1;pelotudo;tonto Arg Bol Ur;el asistente sehicieron los pelotudos y
PHAD-522;1;idiota;tonto, imbécil;el barbero,haciéndose el idiota 
PHAD-717;1;lindo;;el brillote sehizo el lindo el
PHAD-785;1;loco;;El catire sehizo el loco y
PHAD-568;1;indiferente ;;él dehacerse el indiferente?
PHAD-310;1;encontradizo;;el díahaciéndose la encontradiza
PHAD-191;1;despistado;despistado;El Gordo sehizo el despistado 
PHAD-1055;1;pichulero;Idiom: el que engaña;el mozo,haciéndose el pichulero- 
PHAD-943;1;muerto;muerto;el sacristánhaciéndose el muerto 
PHAD-586;1;inmaculado ;;él seguíahaciéndose el inmaculado,
PHAD-851;1;loco;;el tiempohaciéndonos los locos 
PHAD-852;1;loco;;el tiempohaciéndonos los locos 
PHAD-485;1;gracioso;;el tiempohaciéndose el gracioso
PHAD-961;1;obligado;;el viejo,haciéndose el obligado
PHAD-241;1;distraído;despistado;él y sehizo el distraído Enzo
PHAD-1147;1;simpático;;electoral parahacerse los simpáticos
PHAD-379;1;experto;;ella, cuando sehacía la experta la
PHAD-637;1;interesante;;elogio parahacerme la interesante
PHAD-679;1;interesante ;;empecinaba enhacerse el interesante,
PHAD-1330;1;tonto;tonto;empeñas enhacerte el tonto 
PHAD-1331;1;tonto;tonto;empeñas enhacerte el tonto 
PHAD-656;1;interesante;;empezó ahacerse el interesante
PHAD-129;1;chistoso;;empieces ahacerte el chistoso 
PHAD-428;1;graciosillo;gracioso;empieces ahacerte el graciosillo 
PHAD-967;1;occiso;loco Mex;en secohaciéndose la occisa 
PHAD-1010;1;payaso;gracioso;en vainas Tehacías el payaso y
PHAD-36;1;bobo;tonto;encontraste yhacerte la boba 
PHAD-240;1;distraído;despistado;enfrente Quisehacerme el distraído 
PHAD-1154;1;sonso;tonto ;entendió o sehizo el sonso Le
PHAD-1043;1;pendejo;tonto ;entiendo No sehaga el pendejo dijo
PHAD-687;1;interesante ;;entrar -dijo 007haciéndose el interesante,
PHAD-942;1;muerto;muerto;es …l sehace el muerto para
PHAD-373;1;estúpido;;es alejarse,hacerse el estúpido
PHAD-196;1;despistado;;es así?,haciéndote el despistado 
PHAD-674;1;interesante ;;es parahacerse el interesante,
PHAD-135;1;chulo;;es porhacerme el chulo 
PHAD-910;1;modesto;;es porhacerme la modesta,
PHAD-950;1;muerto;muerto;es porque sehacen los muertos Claro,
PHAD-1042;1;pendejo;tonto ;es que sehace el pendejo y
PHAD-270;1;duro;;es que tehaces el duro (Sergio
PHAD-269;1;duro;;es timidez Tehaces el duro pero
PHAD-821;1;loco;;es, no tehagas el loco conmigo
PHAD-820;1;loco;;esas condiciones Sehizo el loco desnudo
PHAD-1329;1;tonto;tonto;ese caso? ¿ Hacerme el tonto 
PHAD-1017;1;pelotudo;tonto Arg Bol Ur;esfuerzo ahora tehacés el pelotudo y
PHAD-683;1;interesante ;;eso conmigoHaciéndome la interesante,
PHAD-1108;1;sensible;;eso dehacerse los sensibles
PHAD-603;1;inocente;;esos que sehacen los inocentes pero
PHAD-686;1;interesante ;;esperando Así,haciéndose el interesante,
PHAD-1137;1;simpático;;esperando Quisehacerme el simpático,
PHAD-605;1;inocente;;está bienhacerse el inocente
PHAD-1016;1;pelotudo;tonto Arg Bol Ur;estaba delirando,hacete el pelotudo 
PHAD-187;1;despistado;despistado;estaba Munihaciéndose la despistada 
PHAD-685;1;interesante ;;estado rehuyéndome,haciéndose el interesante,
PHAD-955;1;muerto;;estamos tumbadashaciéndonos la muerta
PHAD-941;1;muerto;muerto;este, cansado, sehace el muerto soporta
PHAD-896;1;misterioso;;estilo dehacerse el misterioso
PHAD-1152;1;solidario;;esto dehacerme la solidaria
PHAD-128;1;chistoso;;estoy No tehagas el chistoso respondió
PHAD-1041;1;pendejo;tonto ;estúpido, si tehaces el pendejo te
PHAD-280;1;duro;;estuviera intentandohacerse la dura
PHAD-46;1;bobo;tonto;evidente que sehacían los bobos para
PHAD-1040;1;pendejo;tonto ;fácil eshacerse el pendejo 
PHAD-275;1;duro;;fanáticos Aquí sehacen los duros pero
PHAD-1146;1;simpático;;fanfarronear yhacerse los simpáticos
PHAD-729;1;listo;;fase debehacerse la lista
PHAD-52;1;boludo;tonto Arg RepDom;fato Yo mehice la boluda Dije
PHAD-43;1;bobo;tonto;favor no sehaga el bobo O
PHAD-1270;1;tonto;tonto;favor, no sehaga la tonta que
PHAD-1328;1;tonto;tonto;favor, no tehagas el tonto tú
PHAD-168;1;críptico;;felina, porhacerme la críptica
PHAD-549;1;importante ;;forma dehacerse la importante,
PHAD-368;1;estúpido;;forma dehacerte la estúpida
PHAD-655;1;interesante;;fuera, porhacerse el interesante
PHAD-478;1;gracioso;;fusilado porhacerse el gracioso
PHAD-1084;1;revolucionario;;ganas dehacerse el revolucionario
PHAD-643;1;interesante;;ganas dehacerse la interesante
PHAD-617;1;inteligente ;;ganas dehacerte la inteligente,
PHAD-1064;1;profundo ;;Ganivet intentabahacerse el profundo,
PHAD-666;1;interesante;;Gaspar yhaciéndose la interesante
PHAD-1039;1;pendejo;tonto ;gerente No tehagas el pendejo 
PHAD-239;1;distraído;despistado;"gobernador salteño ""Sehace el distraído como"
PHAD-890;1;misterioso;;gracia dehacerse la misteriosa
PHAD-766;1;loco;;gracias yhaciéndome la loca 
PHAD-1074;1;remolón;;grave Porta sehizo el remolón a
PHAD-700;1;justo ;;gritar, dehacerte el justo,
PHAD-548;1;importante ;;gritos parahacerse la importante,
PHAD-819;1;loco;;guardado Ernesto sehizo el loco y
PHAD-1218;1;superior;;gusto dehacerse el superior
PHAD-413;1;fuerte;;ha estadohaciéndose la fuerte
PHAD-118;1;chiquito;;habilidad dehacerte el chiquito 
PHAD-247;1;distraído;despistado;habla Todos sehacen los distraídos y
PHAD-1113;1;servicial;;hablaba conmigo sehacía el servicial Preguntaba
PHAD-70;1;boludo;tonto Arg RepDom;hablando? ¡No tehagás el boludo ahora!
PHAD-268;1;duro;;hace pensarlo? -sehace el duro pero
PHAD-713;1;leso;tonto Chile;hacen fiesta, sehacen los lesos con
PHAD-1327;1;tonto;tonto;hacerlo, no sehaga el tonto porque
PHAD-1007;1;payaso;gracioso;hago parahacerme la payasa 
PHAD-765;1;loco;;has ignoradohaciéndote la loca 
PHAD-284;1;embarazada;;hasta dehacerse la embarazada
PHAD-425;1;gil;tonto;heladero que,haciéndose el gil 
PHAD-401;1;frío;;herida y sehizo el frío Pero
PHAD-127;1;chistoso;;hija, no tehagas el chistoso tú
PHAD-1009;1;payaso;gracioso;histriónicas, evitehacerse el payaso 
PHAD-328;1;enfermo;;holgazaneando ohaciéndome la enferma 
PHAD-1346;1;tradicional;;hoy ahacerse la tradicional
PHAD-639;1;interesante;;importa eshacerse el interesante
PHAD-818;1;loco;;impresiona, luego sehace el loco A
PHAD-1011;1;peligroso;;ingenuos parahacerse el peligroso
PHAD-850;1;loco;;inglés, y sehacían los locos cuando
PHAD-35;1;bobo;tonto;insoportable- No tehagas la boba ¡lo
PHAD-892;1;misterioso;;intenciones dehacerme la misteriosa,
PHAD-569;1;indiferente ;;intromisión yhacerse el indiferente
PHAD-521;1;idiota;tonto, imbécil;inútil dehacerme el idiota 
PHAD-697;1;joven;;jerseys, parahacerte la joven 
PHAD-1096;1;santito;santo;Joaquín, no tehagás el santito que
PHAD-1269;1;tonto;tonto;Jones, no tehagas la tonta conmigo!
PHAD-895;1;misterioso;;"juega ahacerse la misteriosa"""
PHAD-954;1;muerto;;juega ahacerse la muerta
PHAD-897;1;misterioso;;juego parahacerse el misterioso
PHAD-665;1;interesante;;jugando contigo?,haciéndose la interesante
PHAD-1038;1;pendejo;tonto ;jugar ahacerme el pendejo 
PHAD-940;1;muerto;muerto;jugó Billy sehace el muerto sobre
PHAD-469;1;gracioso;;juntos, Jeremías,haciéndose el gracioso,
PHAD-1046;1;pendejo;tonto ;justo que noshagamos los pendejos 
PHAD-1326;1;tonto;tonto;K- No sehaga el tonto 
PHAD-764;1;loco;;la abuela sehacía la loca y
PHAD-484;1;gracioso;;la asustahaciéndose el gracioso
PHAD-112;1;casual;;la cama- sehicieron los casuales y
PHAD-1191;1;sordo;tonto ;la cara,haciéndose la sorda 
PHAD-195;1;despistado;despistado;la comida,haciéndote el despistado 
PHAD-1190;1;sordo;tonto ;la dignidad Sehizo la sorda ante
PHAD-976;1;ofendido;;la engañaba Sehacía la ofendida y
PHAD-777;1;loco;;la Escopeta, noshicimos las locas con
PHAD-763;1;loco;;la gente sehace la loca para
PHAD-1268;1;tonto;tonto;la lengua,haciéndome la tonta 
PHAD-1267;1;tonto;tonto;la mía:hacerme la tonta 
PHAD-602;1;inocente;;la misahaciéndose los inocentes 
PHAD-151;1;cojo;;la pierna Sehace el cojo para
PHAD-849;1;loco;;la prensa, sehagan los locos como
PHAD-489;1;grave ;;la tía,haciéndose la grave,
PHAD-1066;1;puro;;ladinos que sehacen los puros y
PHAD-238;1;distraído;despistado;lado, procuróhacerse el distraído 
PHAD-891;1;misterioso;;largo trechoHaciéndose la misteriosa
PHAD-939;1;muerto;muerto;las aguas, sehacía el muerto con
PHAD-984;1;ofendido;;las manos, tehacés el ofendido y
PHAD-705;1;leso;tonto Chile;las mujeres noshacemos las lesas doctor?
PHAD-775;1;loco;;Las mujeres sehacen las locas y
PHAD-1198;1;sordo;tonto ;"las pegas; sehacen los sordos cuando"
PHAD-222;1;difícil;;las plumashaciéndose las difíciles
PHAD-1325;1;tonto;tonto;las que sehace el tonto y
PHAD-34;1;bobo;tonto;las tres,haciéndome la boba 
PHAD-58;1;boludo;tonto Arg RepDom;Lascano, no tehagas el boludo Vos
PHAD-684;1;interesante ;;le contesté,haciéndome la interesante,
PHAD-1189;1;sordo;tonto ;le contestó, sehizo la sorda terminó
PHAD-762;1;loco;;le escribí,haciéndome la loca 
PHAD-163;1;confianzudo;;Le gustahacerse el confianzudo
PHAD-676;1;interesante ;;Le gustahacerse el interesante,
PHAD-4;1;acomedido ;;le gustabahacerse el acomedido,
PHAD-339;1;enterado;;le gustabahacerse el enterado
PHAD-902;1;misterioso ;;le gustabahacerse el misterioso,
PHAD-541;1;importante;;le gustóhacerse el importante
PHAD-92;1;bueno;;le hablanhaciéndose los buenitos 
PHAD-1222;1;tarado;loco;ligue, no sehaga el tarado
PHAD-231;1;distraído;despistado;liliputiense, o sehacía la distraída adrede,
PHAD-817;1;loco;;llamando y sehace el loco 
PHAD-102;1;cabrón;;llevaba añoshaciéndose el cabrón 
PHAD-618;1;intenso;;llevaba parahacerme el intenso
PHAD-660;1;interesante;;llevaba porhacerse el interesante
PHAD-311;1;encontradizo;;lo abordóhaciéndose la encontradiza
PHAD-1208;1;sordo;;lo comenzado,haciéndose el sordo
PHAD-690;1;intrigante;;lo dehacerse el intrigante 
PHAD-585;1;inglés;;Los Brincoshaciéndose los ingleses 
PHAD-1061;1;poderoso;;los cojoneshacerse el poderoso
PHAD-409;1;fuerte;;los duros Noshacemos los fuertes Usted
PHAD-848;1;loco;;los emperadores sehacen los locos y
PHAD-870;1;malo;;los jueces, sehacen los malos y
PHAD-134;1;chulo;;los lunes sehacía el chulo contándonos
PHAD-1197;1;sordo;tonto ;los nacionalistas sehacen los sordos o
PHAD-1370;1;valiente ;;los niñoshaciéndome la valiente,
PHAD-847;1;loco;;los padres sehacían los locos y
PHAD-846;1;loco;;los que sehacen los locos siendo
PHAD-816;1;loco;;lúcido Si sehacía el loco algunas
PHAD-983;1;ofendido;;luego no tehagas el ofendido 
PHAD-715;1;libre;;lugares debehacerse el libre
PHAD-1324;1;tonto;tonto;madre, no tehagas el tonto a
PHAD-1024;1;pendejo;tonto ;Malena, no tehagas la pendeja Acércate
PHAD-194;1;despistado;despistado;maleta y sehizo el despistado cuando
PHAD-26;1;baladrón;;manera dehacerme el baladrón 
PHAD-321;1;encontradizo ;;maneras dehacerme el encontradizo,
PHAD-1095;1;santito;santo;manijas) Decidióhacerse la santita 
PHAD-1266;1;tonto;tonto;mano Intentahacerte la tonta 
PHAD-308;1;encontradizo;;más discretohacerse la encontradiza
PHAD-550;1;importante ;;más embaucarlas,hacerte el importante,
PHAD-975;1;ofendido;;más fácilhacerse la ofendida 
PHAD-114;1;celoso;;me acercó,haciéndose la celosa:
PHAD-452;1;gracioso;;me imaginohaciéndome la graciosa
PHAD-915;1;mudo;;me ocurrióhacerme la muda!
PHAD-607;1;inocente;;Me sentéhaciéndome la inocente
PHAD-341;1;erudito;;medican y sehacen los eruditos por
PHAD-613;1;inocente ;;Menem sigahaciéndose el inocente,
PHAD-672;1;interesante;;mentira parahacerse las interesantes
PHAD-372;1;estúpido;;meses dehacerme el estúpido
PHAD-1120;1;simpático;;metros cuadrados),hacerse la simpática
PHAD-649;1;interesante;;mí -dijehaciéndome el interesante-,
PHAD-42;1;bobo;tonto;mi escondrijo Sehizo el bobo me
PHAD-1323;1;tonto;tonto;mi geografía, sehizo el tonto Mi
PHAD-845;1;loco;;"mí tampoco; noshicimos los locos A"
PHAD-470;1;gracioso;;mí y,haciéndose el gracioso,
PHAD-267;1;duro;;mí, piensa Sehace el duro el
PHAD-949;1;muerto;muerto;mienten, no sehacen los muertos 
PHAD-1265;1;tonto;tonto;mimarlas yhacerme la tonta 
PHAD-230;1;distraído;despistado;mira fijamente Mehago la distraída No
PHAD-868;1;maje;tonto HOND CRica;miradas Y noshacemos los majes los
PHAD-815;1;loco;;mismo Presidente seharía el loco si
PHAD-688;1;interesante ;;misteriosamente quieta,haciéndose la interesante,
PHAD-412;1;fuerte;;mocos yhaciéndose el fuerte
PHAD-1212;1;sorpresivo;;modo dehacerse el sorpresivo
PHAD-1322;1;tonto;tonto;momento prefierahacerme el tonto 
PHAD-1111;1;serio;;Mucho menoshacerme el serio,
PHAD-636;1;interesante;;mucho, parahacerme la interesante
PHAD-1264;1;tonto;tonto;muertos No tehagas la tonta la
PHAD-1278;1;tonto;tonto;mujeres que sehacen las tontas no
PHAD-814;1;loco;;mundo eshacerse el loco 
PHAD-532;1;imbécil;tonto, imbécil;mundo! ¡No tehagas el imbécil 
PHAD-682;1;interesante ;;muy seria,haciéndome la interesante,
PHAD-332;1;enfermo;;muy vergonzosa:hacerme el enfermo 
PHAD-716;1;lindo;;Nada dehacerte el lindo 
PHAD-498;1;güevón;tonto imbécil huevón-perezoso;nada No sehaga el güevón dijo
PHAD-331;1;enfermo;;NADA VALEHACERSE EL enfermo 
PHAD-844;1;loco;;nada, que sehacen los locos como
PHAD-1101;1;santo;;nadie dehacerse la Santa
PHAD-1148;1;simpático;;necesidad dehacerse los simpáticos
PHAD-476;1;gracioso;;necesitaba Pablohacerse el gracioso
PHAD-455;1;gracioso;;ni dehacerse el gracioso
PHAD-1263;1;tonto;tonto;niegues ni tehagas la tonta lo
PHAD-1003;1;paternal;;niños parahacerse el paternal
PHAD-813;1;loco;;no animarse, sehacía el loco y
PHAD-245;1;distraído;despistado;no podemoshacernos los distraídos 
PHAD-246;1;distraído;despistado;no podemoshacernos los distraídos 
PHAD-842;1;loco;;no podemoshacernos los locos 
PHAD-843;1;loco;;no podemoshacernos los locos 
PHAD-1320;1;tonto;tonto;no podéshacerte el tonto 
PHAD-1321;1;tonto;tonto;no podéshacerte el tonto 
PHAD-1036;1;pendejo;tonto ;no puedeshacerte el pendejo 
PHAD-1037;1;pendejo;tonto ;no puedeshacerte el pendejo 
PHAD-177;1;delicado ;;no quisehacerme el delicado,
PHAD-27;1;bobalicón;tonto;No sigashaciéndote el bobalicón 
PHAD-570;1;indiferente ;;no tenerte,haciéndote la indiferente
PHAD-33;1;bobo;tonto;noche, tú tehaces la boba y
PHAD-812;1;loco;;nos trajo Tehiciste el loco viendo
PHAD-382;1;experto;;nostalgia y sehace el experto delante
PHAD-608;1;inocente;;notas yhaciéndome la inocente
PHAD-146;1;ciego ;;o hastahacerse el ciego,
PHAD-736;1;listo;;o parahacerse los listos
PHAD-703;1;leso;tonto Chile;obstante, Clarisa sehizo la lesa y
PHAD-68;1;boludo;tonto Arg RepDom;obvio, enhacerme el boludo 
PHAD-69;1;boludo;tonto Arg RepDom;obvio, enhacerme el boludo 
PHAD-142;1;ciego;;Occidental, porque sehacen los ciegos ante
PHAD-320;1;encontradizo ;;ofrecía parahacerme el encontradizo,
PHAD-193;1;despistado;despistado;oído, pero sehace el despistado siguiendo
PHAD-393;1;fesa;tonto Mex;orden dehacerse los fesas 
PHAD-1319;1;tonto;tonto;oreja Rojas sehace el tonto 
PHAD-841;1;loco;;paga, y sehacen los locos y
PHAD-647;1;interesante;;palabrotas parahacerte el interesante
PHAD-1318;1;tonto;tonto;para , no sehaga el tonto porque
PHAD-330;1;enfermo;;para que sehiciera el enfermo …l
PHAD-1045;1;pendejo;tonto ;para seguirhaciéndonos los pendejos 
PHAD-336;1;enigmático ;;parte porhacerse el enigmático,
PHAD-465;1;gracioso;;parte, queriendohacerse el gracioso,
PHAD-457;1;gracioso;;partido yhacerse el gracioso
PHAD-681;1;interesante ;;pasa porhacerte el interesante,
PHAD-1035;1;pendejo;tonto ;pasa, ohacerme el pendejo 
PHAD-646;1;interesante;;pasa, quiereshacerte el interesante
PHAD-879;1;mártir;;pasaba bombahaciéndose el mártir 
PHAD-994;1;oriental ;;payaso yhaciéndome el oriental,
PHAD-376;1;europeo;;pedante parahacerte el europeo
PHAD-1262;1;tonto;tonto;pena seguirhaciéndome la tonta 
PHAD-811;1;loco;;pensé enhacerme el loco 
PHAD-761;1;loco;;pensé enhacerme la loca 
PHAD-810;1;loco;;percatado pero sehace el loco 
PHAD-226;1;digno;;perdí tiempohaciéndome el digno
PHAD-1317;1;tonto;tonto;perdonarlos, olvidar,hacerme el tonto 
PHAD-1316;1;tonto;tonto;perfectamente No tehagas el tonto 
PHAD-67;1;boludo;tonto Arg RepDom;periódicos o tehaces el boludo -dijo,
PHAD-710;1;leso;tonto Chile;permite y sehace el leso como
PHAD-784;1;loco;;Pero él sehace el loco y
PHAD-1240;1;tonto;tonto;Pero prefierohacerme la tonta 
PHAD-836;1;loco;;Pero todos sehacen los locos y
PHAD-1079;1;remolón;;pertenecía, y sehizo la remolona Insistió
PHAD-1202;1;sordo;;peste Preferíahacerse el sordo
PHAD-974;1;ofendido;;pidiendo disculpas,haciéndome la ofendida 
PHAD-938;1;muerto;muerto;piruetas, ni sehace el muerto y
PHAD-809;1;loco;;plata No tehagas el loco 
PHAD-1134;1;simpático;;plato plástico,haciéndose el simpático
PHAD-1132;1;simpático;;político, parahacerse el simpático
PHAD-1261;1;tonto;tonto;ponía enhacerse la tonta 
PHAD-960;1;normal ;;por ahí,haciéndome el normal,
PHAD-776;1;loco;;por ahorahagámonos las locas 
PHAD-1023;1;pendejo;tonto ;por conveniencia, sehace la pendeja Claro,
PHAD-699;1;juguetón;;por errorhacerse el juguetón
PHAD-391;1;feliz ;;por gracioso,hacerse el feliz,
PHAD-871;1;malo;;por nohacerse la mala
PHAD-23;1;baboso;;por qué tehaces el baboso July
PHAD-760;1;loco;;porque preferíhacerme la loca 
PHAD-644;1;interesante;;porque queríahacerse la interesante
PHAD-1012;1;peligroso;;porque quierenhacerse los peligrosos,
PHAD-959;1;necesario;;precedentes yhacerse el necesario
PHAD-173;1;culto;;predios donde sehacen los cultos a
PHAD-309;1;encontradizo;;prepararse parahacerse la encontradiza
PHAD-982;1;ofendido;;pretextos parahacerte el ofendido 
PHAD-861;1;longuis;despistado idiom;protestaban, callaban Sehacían los longuis Los
PHAD-1341;1;tonto;;pueden reconocerlosHagámonos los tontos
PHAD-1315;1;tonto;tonto;puedo seguirhaciéndome el tonto 
PHAD-1260;1;tonto;tonto;puedo yohacerme la tonta 
PHAD-531;1;imbécil;tonto, imbécil;puerta- ¡No tehagas el imbécil 
PHAD-540;1;importante;;puesto ohacerme el importante
PHAD-1073;1;remolón;;punto dehacerme el remolón 
PHAD-340;1;entretenido;;que decidióhacerse el entretenido
PHAD-539;1;importante;;qué decir Ellahaciéndose la importante Y
PHAD-1367;1;valiente;;qué disimular,hacerte el valiente
PHAD-937;1;muerto;muerto;que él sehizo el muerto metiéndose
PHAD-936;1;muerto;muerto;que estoyhaciéndome el muerto 
PHAD-885;1;menso;tonto EcEL Salv Hond Mex Nic;que luego sehagan las mensas de
PHAD-840;1;loco;;que mejor noshagamos los locos y
PHAD-506;1;huevón;tonto, imbécil, huevón-perezoso;Que nadie sehaga el huevón aquí
PHAD-451;1;gracioso;gracioso;que noHacerse los graciosos 
PHAD-361;1;estrecho;;que no tehagas el estrecho conmigo
PHAD-808;1;loco;;que no tehagas el loco y
PHAD-935;1;muerto;muerto;que no tehagas el muerto para
PHAD-759;1;loco;;que no tehagas la loca ahora,
PHAD-872;1;mandón;;que no tehagas la mandona Conmigo
PHAD-312;1;encontradizo;;que parecehacerse la encontradiza,
PHAD-878;1;mártir;;que porhacerme el mártir 
PHAD-492;1;guapo;;que porhacernos los guapos 
PHAD-807;1;loco;;que puedes! Tehaces el loco ¿me
PHAD-806;1;loco;;que puedohacerme el loco 
PHAD-1115;1;simbólico;;que quierahacerme el simbólico
PHAD-658;1;interesante;;que quierehacerse el interesante
PHAD-1123;1;simpático;;que quierehacerse la simpática,
PHAD-1345;1;torpe;;que quierenhacerse las torpes
PHAD-237;1;distraído;despistado;que Roberto sehizo el distraído cuando
PHAD-157;1;cojudo;tonto;qué seguíahaciéndose el cojudo 
PHAD-1259;1;tonto;tonto;que soy?Hacerse la tonta 
PHAD-805;1;loco;;que vengaHacete el loco 
PHAD-1314;1;tonto;tonto;queda bienhacerte el tonto 
PHAD-474;1;gracioso;;quedaba bienhacerse el gracioso
PHAD-32;1;bobo;tonto;quedaras, pero tehiciste la boba Te
PHAD-1277;1;tonto;tonto;quede claro, noshacemos las tontas no
PHAD-156;1;cojudo;tonto;Quelopana no tehagas el cojudo ¿no
PHAD-327;1;enfermo;;quiera Salíhaciéndome la enferma 
PHAD-804;1;loco;;quieren que tehagas el loco pero
PHAD-411;1;fuerte;;Quieres fumar,hacerte el fuerte
PHAD-170;1;culto;;quizá queríahacerse la culta 
PHAD-174;1;culto;;quizá queríahacerse la culta,
PHAD-934;1;muerto;muerto;Ramón que sehace el muerto 
PHAD-654;1;interesante;;Rebis dehacerse el interesante
PHAD-223;1;difícil ;;rechazándolo yhaciéndose la difícil,
PHAD-5;1;afectado;;reclaman y sehacen los afectados como
PHAD-981;1;ofendido;;reclamo El sehizo el ofendido y
PHAD-236;1;distraído;despistado;reojo y sehace el distraído mientras
PHAD-733;1;listo;;repongo, comentaba,haciéndose el listo
PHAD-126;1;chistoso;;resistencia ahacerme el chistoso 
PHAD-835;1;loco;;Resisto Todos seharán los locos pero
PHAD-709;1;leso;tonto Chile;Rigo quisohacerse el leso 
PHAD-197;1;desprotegido;;rogó, lloró, sehizo el desprotegido y,
PHAD-1105;1;santurrón;santo;sabían cómohacerse las santurronas 
PHAD-860;1;longuis;despistado idiom;sabías, no tehagas el longuis Nuestro
PHAD-530;1;imbécil;tonto, imbécil;sale bienhacerme el imbécil 
PHAD-956;1;muerto;;salvó alhacerse la muerta,
PHAD-1142;1;simpático;;Se acabóhacerse el simpático
PHAD-933;1;muerto;muerto;se aplacaba Sehizo el muerto para
PHAD-932;1;muerto;muerto;se zambulle, sehace el muerto se
PHAD-900;1;misterioso;;señor Hinojosahaciéndose el misterioso
PHAD-873;1;maricón;;señoras que sehacía el maricón aprovechando
PHAD-493;1;guay;;setecientas pelashaciéndote el guay
PHAD-165;1;cool ;;shop llegashaciéndote la cool,
PHAD-329;1;enfermo;;si Harrison sehará el enfermo para
PHAD-659;1;interesante;;si quisierahacerse el interesante
PHAD-1092;1;sabueso;;si seguíahaciéndose el sabueso 
PHAD-783;1;loco;;Si uno sehace el loco el
PHAD-899;1;misterioso;;sí, siguehaciéndose el misterioso
PHAD-803;1;loco;;sida todos noshacemos el loco y
PHAD-76;1;boludo;tonto Arg RepDom;siempre convienehacerse los boludos 
PHAD-235;1;distraído;despistado;silenciarlo, nihacerse el distraído 
PHAD-1188;1;sordo;tonto ;silencio- Aunque tehagas la sorda esta
PHAD-535;1;impasible ;;silencioso yhacerse el impasible,
PHAD-66;1;boludo;tonto Arg RepDom;sin fueros Tehacés el boludo pero
PHAD-758;1;loco;;sino excusas sehace la loca y
PHAD-802;1;loco;;sinvergüenza ¡No tehagas el loco y
PHAD-931;1;muerto;muerto;sobrevivir porque sehizo el muerto 
PHAD-145;1;ciego;;solamente porhacerse el ciego
PHAD-155;1;cojudo;tonto;soles, no sehaga el cojudo 
PHAD-1258;1;tonto;tonto;sólo estuviesehaciéndose la tonta 
PHAD-661;1;interesante;;sólo parahacerse el interesante
PHAD-116;1;chévere;;sólo porhacerte el chévere
PHAD-278;1;duro;;sólo queríashacerte la dura
PHAD-1124;1;simpático;;soltera debahacerse la simpática,
PHAD-450;1;gracioso;gracioso;somos, no noshacemos los graciosos no
PHAD-894;1;misterioso;;sonreír, comohaciéndose la misteriosa
PHAD-164;1;contento;;sonriendo yhaciéndome la contenta
PHAD-1112;1;serio;;"sorna; parecíahacerse el serio"
PHAD-757;1;loco;;su Bob, sehacía la loca y
PHAD-1187;1;sordo;tonto ;su madre sehacía la sorda ante
PHAD-1365;1;valiente;;su padre,haciéndose el valiente
PHAD-266;1;duro;;sucio …l sehacía el duro pero
PHAD-918;1;muertito;muerto;suelo y sehace el muertito 
PHAD-948;1;muerto;muerto;suelo y sehacían los muertos sin
PHAD-730;1;listo;;sueño, perohaciéndote el listo
PHAD-930;1;muerto;muerto;sueño: déjenmehacerme el muerto 
PHAD-1257;1;tonto;tonto;suicida dehacerme la tonta 
PHAD-712;1;leso;tonto Chile;Suprema que sehicieron los lesos con
PHAD-51;1;boludo;tonto Arg RepDom;sus ojos-Hacete la boluda 
PHAD-1371;1;valiente ;;tal vezHaciéndose el valiente,
PHAD-122;1;chistoso;;tanto Quisohacerse el chistosito 
PHAD-482;1;gracioso;;tarde? -respondí,haciéndome el gracioso
PHAD-125;1;chistoso;;te convienehacerte el chistoso 
PHAD-1072;1;recio;;te encajahacerte la recia 
PHAD-1256;1;tonto;tonto;tendré quehacerme la tonta 
PHAD-75;1;boludo;tonto Arg RepDom;tenemos quehacernos los boludos 
PHAD-839;1;loco;;tenemos quehacernos los locos 
PHAD-1255;1;tonto;tonto;tenés aliento, tehacés la tonta eludís
PHAD-520;1;idiota;tonto, imbécil;tenga quehacerme la idiota 
PHAD-801;1;loco;;tenía quehacerme el loco 
PHAD-756;1;loco;;tenía quehacerme la loca 
PHAD-378;1;experto;;tenis quehacerte la experta 
PHAD-584;1;ingenuo;;tentaciones dehacerme la ingenua
PHAD-517;1;idiota;tonto, imbécil;Termina dehacerte el idiota 
PHAD-180;1;deprimido;;ti, respondí, haciéndome el deprimido
PHAD-755;1;loco;;tiempo dehacerme la loca 
PHAD-800;1;loco;;tiempo y sehizo el loco me
PHAD-903;1;misterioso ;;tiene casohacerse el misterioso,
PHAD-519;1;idiota;tonto, imbécil;tienes quehacerte el idiota 
PHAD-161;1;compungido;;tienes quehacerte la compungida
PHAD-277;1;duro;;tienes quehacerte la dura
PHAD-911;1;modesto;;tienes quehacerte la modesta,
PHAD-388;1;fanfarrón;;tienes yhacerte el fanfarrón
PHAD-387;1;fanfarrón;;tienes yhacerte el fanfarrón 
PHAD-1138;1;simpático;;Tierra yhacerse el simpático:
PHAD-711;1;leso;tonto Chile;tipos que sehicieron los lesos y
PHAD-318;1;encontradizo;;todas parteshaciéndose el encontradizo
PHAD-1088;1;romántico;;todo no sehaga el romántico 
PHAD-1085;1;rico;;tombos llegaronhaciéndose los ricos
PHAD-731;1;listo;;tonto creíahacerse el listo,
PHAD-863;1;loquito;;transmitir-, si tehacés la loquita reventamos
PHAD-65;1;boludo;tonto Arg RepDom;transo Puedohacerme el boludo 
PHAD-857;1;loco;;"transportes ""que sehacían los locos"" y"
PHAD-652;1;interesante;;trata dehacerme la interesante,
PHAD-201;1;diferente ;;trataba dehacerme el diferente,
PHAD-415;1;fuerte ;;trataba dehacerme el fuerte,
PHAD-216;1;difícil;;trataba dehacerse la difícil
PHAD-1149;1;simpático;;tratan dehacerse los simpáticos
PHAD-419;1;fuerte ;;tratando dehacernos los fuertes
PHAD-675;1;interesante ;;tratando dehacerse el interesante,
PHAD-1130;1;simpático;;tratando dehacerse el simpático
PHAD-471;1;gracioso;;tratando dehacerte el gracioso?
PHAD-265;1;duro;;traté dehacerme el duro 
PHAD-503;1;honorable ;;traté dehacerme la honorable,
PHAD-566;1;indiferente ;;traté dehacerme la indiferente,
PHAD-479;1;gracioso;;trates dehacerte el gracioso
PHAD-1006;1;payaso;gracioso;triste Prefierohacerme la payasa 
PHAD-980;1;ofendido;;tu parejaHacerte el ofendido 
PHAD-1186;1;sordo;tonto ;"tumba"" Chiquita sehacía la sorda y"
PHAD-640;1;interesante;;Tupra quisohacerse el interesante
PHAD-1196;1;sordo;tonto ;tus hijos sehacen los sordos a
PHAD-604;1;inocente;;Tuve quehacerme la inocente
PHAD-1254;1;tonto;tonto;tuve quehacerme la tonta 
PHAD-324;1;encontradizo ;;un día,haciéndome el encontradizo,
PHAD-467;1;gracioso;;un precioHaciéndose el gracioso,
PHAD-689;1;interesante ;;una dehacerse la interesante?
PHAD-929;1;muerto;muerto;una pierna Sehizo el muerto durante
PHAD-754;1;loco;;una porquería Sehacía la loca y
PHAD-582;1;ingenuo;;una toalla,haciéndose la ingenua-
PHAD-228;1;discreto;;único intentanhacerse los discretos
PHAD-583;1;ingenuo;;valía dehacerme la ingenua,
PHAD-912;1;modesto;;vanidad aunquehaciéndose el modesto
PHAD-461;1;gracioso;;vaso -quisehacerme el gracioso-
PHAD-512;1;huevón;tonto, imbécil, huevón-perezoso;ve por ahí,hecho el huevón 
PHAD-1313;1;tonto;tonto;velo yhaciéndome el tonto 
PHAD-1133;1;simpático;;venía ahacerse el simpático
PHAD-958;1;natural;;venir? -preguntéhaciéndome la natural
PHAD-399;1;flojo;;"ventosas ""No tehagas la floja"" Elegí"
PHAD-641;1;interesante;;Venturelli parahacerse el interesante
PHAD-1312;1;tonto;tonto;ver que sehacía el tonto creía
PHAD-838;1;loco;;verás cómo sehacen los locos 
PHAD-858;1;longui;despistado idiom;vez, no tehagas el longui
PHAD-992;1;opa;tonto Arg Bol Ur;viaje? -pregunté,haciéndome el opa 
PHAD-264;1;duro;;viejos Anselmo sehace el duro pero
PHAD-166;1;cosmopolita;;vienen dehacerse los cosmopolitas 
PHAD-1034;1;pendejo;tonto ;vienes ahacerte el pendejo 
PHAD-454;1;gracioso;;"vino ahacerse la graciosa!"""
PHAD-799;1;loco;;violencia nihaciéndome el loco 
PHAD-1091;1;sabroso;;visto, pero sehacía el sabroso fumando
PHAD-1185;1;sordo;tonto ;visto? -ella sehizo la sorda con
PHAD-306;1;encontradizo;;volver ahacerme la encontradiza
PHAD-313;1;encontradizo;;volví ahacerme el encontradizo
PHAD-1058;1;piola;idiom: el listo Arg;vos no tehacés el piola ¿Entendiste?
PHAD-375;1;eterno;;Vuelvo ahacerme la eterna
PHAD-798;1;loco;;vuestra solidaridad tehaces el loco mamagüevo,
PHAD-691;1;inválido;;y además tehaces la inválida Yo
PHAD-1106;1;santurrón;santo;y ahora sehacen los santurrones 
PHAD-1081;1;remolón;;y Alice sehicieran los remolones con
PHAD-263;1;duro;;y él sehacía el duro mientras
PHAD-797;1;loco;;y el sehacía el loco Los
PHAD-234;1;distraído;despistado;y él seharía el distraído 
PHAD-707;1;leso;tonto Chile;y él sehizo el leso en
PHAD-1342;1;tonto;;y enhacerse los tontos,
PHAD-673;1;interesante;;y luegohacerse las interesantes
PHAD-973;1;ofendido;;y Marcelina sehizo la ofendida y
PHAD-834;1;loco;;"y nadie sehace el loco"" "
PHAD-124;1;chistoso;;y no tehagas el chistoso 
PHAD-28;1;bobo;tonto;Y no tehagas la boba que
PHAD-317;1;encontradizo;;y pretendíahacerme el encontradizo
PHAD-473;1;gracioso;;y pretendíahacerse el gracioso
PHAD-928;1;muerto;muerto;y que sehiciese el muerto Nahum
PHAD-753;1;loco;;y que tehaces la loca dime
PHAD-475;1;gracioso;;y queríahacerse el gracioso
PHAD-1131;1;simpático;;y queríahacerse el simpático
PHAD-901;1;misterioso;;y reaparecehaciéndose el misterioso
PHAD-1090;1;sabio;;y sinhacerse la sabia
PHAD-1089;1;sabihonda;;y sinhacerte la sabihonda 
PHAD-115;1;chévere;;y ustedhaciéndose el chévere
PHAD-64;1;boludo;tonto Arg RepDom;y vos tehacés el boludo 
PHAD-886;1;menso;tonto EcEL Salv Hond Mex Nic;y yohaciéndome el menso 
PHAD-796;1;loco;;y yo mehago el loco a
PHAD-50;1;boludo;tonto Arg RepDom;y yo mehago la boluda Si
PHAD-979;1;ofendido;;y, además, sehace el ofendido ante
PHAD-916;1;mudo;;ya dehacerme la muda!
PHAD-41;1;bobo;tonto;ya dehacerte el bobo 
PHAD-1311;1;tonto;tonto;Yeats No sehaga el tonto 
PHAD-1063;1;pródigo;;yo acáhaciéndome la pródiga!
PHAD-877;1;mártir;;yo aquíhaciéndome el mártir 
PHAD-31;1;bobo;tonto;yo estabahaciéndome la boba 
PHAD-80;1;borde;;yo intentandohacerme la borde 
PHAD-1129;1;simpático;;yo quehacerme el simpático
PHAD-1144;1;simpático;;"yo quería "" hacerme el simpático"""
PHAD-1287;1;tonto;tonto;Yo solíahacerme el tonto 
PHAD-904;1;moderno;;Zamacona (parahacerse la moderna
PHAD-486;1;gracioso;;" - dije, parahacerme el gracioso"""
PHAD-1239;1;tonto;tonto; - Encamarte, no tehagas la tonta 
PHAD-150;1;cojo;; - La perdiz sehace la coja 
PHAD-85;1;bravucón;; - No sehaga el bravucón teniente
PHAD-120;1;chistoso;; - SeÑora, ¡no sehaga la chistosa la
PHAD-740;1;loco;; - Sigue, no tehagas la loca 
PHAD-40;1;bobo;tonto; - Y no tehagas el bobo Que
PHAD-795;1;loco;;Entonces sehace el loco para
PHAD-612;1;inocente;;( Haciéndose la inocente)
PHAD-927;1;muerto;muerto; Fabián sehizo el muerto Los
PHAD-669;1;interesante;;Piloto- ( Haciéndose el interesante)
PHAD-752;1;loco;;Ahora sehace la loca 
PHAD-74;1;boludo;tonto Arg RepDom;PACO- Sehacen los boludos nada
PHAD-1082;1;resignado ;;-Marisa- ( Haciéndose la resignada)
PHAD-972;1;ofendido;; - No tehagás la ofendida Nadá
PHAD-511;1;huevón;tonto, imbécil, huevón-perezoso; - No tehagas el huevón sabes
PHAD-1310;1;tonto;tonto; - No tehagas el tonto ¿cuánto
PHAD-424;1;gil;tonto; - Dale,hacete el gil 
PHAD-1309;1;tonto;tonto; - No tehagas el tonto Hace
PHAD-751;1;loco;; - No tehagas la loca que
PHAD-459;1;gracioso;;MáscaraHacerte el gracioso
PHAD-750;1;loco;; Ella sehizo la loca Ya
PHAD-969;1;occiso;;Siemprehaciéndote el occiso
PHAD-867;1;maje;tonto HOND CRica; -¡No sehaga el maje! A
PHAD-708;1;leso;tonto Chile; -Cómo tehaces el leso Almonacid
PHAD-1308;1;tonto;tonto; - No sehaga el tonto sí,
PHAD-1339;1;tonto;tonto;¡No tehagas el tonto! 
PHAD-876;1;mártir;;No tehagas el mártir Jesús
PHAD-1033;1;pendejo;tonto ;No tehagas el pendejo ¡Le
PHAD-580;1;ingenuo;;No sehaga el ingenuo doctorcito
PHAD-1253;1;tonto;tonto;No tehagas la tonta Javiera
PHAD-1252;1;tonto;tonto;No tehagas la tonta Berta
PHAD-833;1;loco;;- ¡No tehagas el loco! 
PHAD-63;1;boludo;tonto Arg RepDom;No tehagas el boludo conmigo
PHAD-62;1;boludo;tonto Arg RepDom;No tehagas el boludo Juan
PHAD-1015;1;pelotudo;tonto Arg Bol Ur;No tehagas el pelotudo Gustavo
PHAD-61;1;boludo;tonto Arg RepDom;No tehagás el boludo Gustavo,
PHAD-262;1;duro;;No tehagas el duro conmigo
PHAD-60;1;boludo;tonto Arg RepDom;No tehagas el boludo que
PHAD-59;1;boludo;tonto Arg RepDom;No tehagas el boludo Franco
PHAD-1307;1;tonto;tonto;No tehagas el tonto Juan,
PHAD-1306;1;tonto;tonto;No tehagas el tonto que
PHAD-749;1;loco;;No tehagas la loca estás
PHAD-1305;1;tonto;tonto;no tehagas el tonto 
PHAD-866;1;maje;tonto HOND CRica;¡No tehagás el maje! 
PHAD-1014;1;pelotudo;tonto Arg Bol Ur;¡No tehagás el pelotudo porque
PHAD-1057;1;piola;idiom: el listo Arg; No tehagás el piola como
PHAD-529;1;imbécil;tonto, imbécil;No sehaga el imbécil Yo
PHAD-1031;1;pendejo;tonto ;ahacerte el pendejo 
PHAD-1032;1;pendejo;tonto ;ahacerte el pendejo 
PHAD-1304;1;tonto;tonto; -No tehagas el tonto Ya
PHAD-1303;1;tonto;tonto; No tehagas el tonto 
PHAD-510;1;huevón;tonto, imbécil, huevón-perezoso; No tehagas el huevón Por
PHAD-509;1;huevón;tonto, imbécil, huevón-perezoso; No tehagas el huevón Sabes
PHAD-1100;1;santo;santo; No noshagamos los santos ni
PHAD-1022;1;pendejo;tonto ; Veníahaciéndome la pendeja 
PHAD-508;1;huevón;tonto, imbécil, huevón-perezoso; -¡No tehagas el huevón Sabes
PHAD-394;1;fifí;Presumido Arg, Uru, El Salv Mex;" ""No tehagas el fifí pinche"
PHAD-1302;1;tonto;tonto; No sehaga el tonto Usté
PHAD-773;1;loco;; ¡No tehagás la loca! ¡Va
PHAD-423;1;gil;tonto; -No tehagas el gil bien
PHAD-668;1;interesante;;FIDEL- ( haciéndose el interesante)
PHAD-1013;1;pelotudo;tonto Arg Bol Ur; -No tehagas el pelotudo ¿Qué
PHAD-1274;1;tonto;tonto; -No tehagas la tonta-Insistió 
PHAD-1251;1;tonto;tonto;- No tehagas la tonta odio
PHAD-579;1;ingenuo;; Tehaces el ingenuo para
PHAD-1250;1;tonto;tonto;- mía:hacerme la tonta 
PHAD-1249;1;tonto;tonto;No tehagas la tonta ma
PHAD-1301;1;tonto;tonto;- No tehagas el tonto 
PHAD-220;1;difícil;;--Dale,hacete la difícil
PHAD-794;1;loco;;- 6, Sehizo el loco 
PHAD-1248;1;tonto;tonto;- No tehagas la tonta Sara,
PHAD-261;1;duro;; -Tehaces el duro pero
PHAD-832;1;loco;; -Sehizo el loco! Como
PHAD-260;1;duro;; Sehace el duro y
PHAD-385;1;extravagante;; b)Hacerte la extravagante 
PHAD-1109;1;serio;;-( Haciéndose la seria)
PHAD-698;1;jovencito;; Haciéndote el jovencito 
PHAD-392;1;fesa;tonto Mex;Haciéndome el fesa 
PHAD-49;1;boludo;tonto Arg RepDom; -A veces tehacés la boluda tan
PHAD-793;1;loco;; -años Quisehacerme el loco 
PHAD-57;1;boludo;tonto Arg RepDom; -Colo, no tehagas el boludo 
PHAD-56;1;boludo;tonto Arg RepDom; -Decime No tehagás el boludo 
PHAD-55;1;boludo;tonto Arg RepDom; -Gallego, no tehagas el boludo ¿O
PHAD-1029;1;pendejo;tonto ; -Jorge, no tehagas el pendejo Sabes
PHAD-119;1;chistoso;despistado; -Manuela, no tehagas la chistosa Tú
PHAD-778;1;loco;; -No tehagas el loco
PHAD-1285;1;tonto;tonto; -Pablo, no tehagas el tonto Son
PHAD-1026;1;pendejo;tonto ; -Tehaces el pendejo
PHAD-1279;1;tonto;tonto; -Va, no tehagas el tonto
PHAD-696;1;irónico;; , -le dijohaciéndose la irónica,
PHAD-792;1;loco;; , ¿me entiendes? Tehaces el loco 
PHAD-1030;1;pendejo;tonto ; , ¿para quéhacerse el pendejo 
PHAD-47;1;bohemio;; , a veces, sehace la bohemia con
PHAD-1247;1;tonto;tonto; , algo No tehagas la tonta A
PHAD-1078;1;remolón;; , ándale, no tehagas la remolona Charly
PHAD-748;1;loco;; , ardillita No tehagas la loca 
PHAD-1300;1;tonto;tonto; , Camus, no tehagas el tonto Soy
PHAD-39;1;bobo;tonto; , Carlos, no tehagas el bobo
PHAD-859;1;longui;despistado idiom; , coño, no tehagas el longui te
PHAD-1099;1;santo;santo; , cuando Bini sehizo el santo 
PHAD-543;1;importante;; , deja dehacerte el importante
PHAD-791;1;loco;; , deja dehacerte el loco 
PHAD-283;1;educado;; , deja dehacerte la educada,
PHAD-370;1;estúpido;; , dejá dehacerte la estúpida
PHAD-747;1;loco;; , deja dehacerte la loca 
PHAD-746;1;loco;; , dime si tehaces la loca ¿es
PHAD-1299;1;tonto;tonto; , doctor, no sehaga el tonto Usted
PHAD-1020;1;pendejo;tonto ; , doña Claudia sehace la pendeja que
PHAD-505;1;huevón;tonto, imbécil, huevón-perezoso; , Fernández, no sehaga el huevón
PHAD-745;1;loco;; , fingir, aparentar,hacerme la loca 
PHAD-1127;1;simpático;; , habituada ahacerse la simpática
PHAD-323;1;encontradizo ;; , incluso dehacerse el encontradizo,
PHAD-1128;1;simpático;; , ja! -reíhaciéndome la simpática
PHAD-610;1;inocente;; , joven? -preguntóhaciéndose la inocente
PHAD-221;1;difícil;;" , juega ahacerse la difícil"""
PHAD-219;1;difícil;; , jugó ahacerse la difícil
PHAD-480;1;gracioso;; , la dehacerte el gracioso
PHAD-1184;1;sordo;tonto ; , la policía sehizo la sorda y
PHAD-1369;1;valiente ;; , le dijehaciéndome el valiente,
PHAD-790;1;loco;; , le respondió,haciéndose el loco 
PHAD-1298;1;tonto;tonto; , Ledesma No sehaga el tonto 
PHAD-334;1;enfermo;; , lloraban o sehacían los enfermos Y
PHAD-1195;1;sordo;tonto ; , los demás sehicieron los sordos y
PHAD-73;1;boludo;tonto Arg RepDom; , los dos noshicimos los boludos y
PHAD-837;1;loco;; , los parroquianos sehacían los locos En
PHAD-1217;1;sumiso;; , mamá -preferíhacerme la sumisa
PHAD-645;1;interesante;; , más porhacerse la interesante
PHAD-1201;1;sordo;; , mas prefirióhacerse el sordo
PHAD-233;1;distraído;despistado; , mientras Ringo sehace el distraído mirando
PHAD-1297;1;tonto;tonto; , muchacho No tehagas el tonto y
PHAD-578;1;ingenuo;; , muy tranquilo,haciéndose el ingenuo 
PHAD-460;1;gracioso;; , nde putoHacete el gracioso
PHAD-1145;1;simpático;;" , ni porhacerse el simpático"""
PHAD-1276;1;tonto;tonto; , niñas: no sehagan las tontas 
PHAD-244;1;distraído;despistado; , no podemoshacernos los distraídos 
PHAD-917;1;muertito;muerto; , no respirar,hacerme el muertito 
PHAD-274;1;duro;; , nos gustabahacernos los duros 
PHAD-1077;1;remolón;; , nunca más sehizo la remolona para
PHAD-1246;1;tonto;tonto; , odio cuando tehaces la tonta 
PHAD-875;1;mártir;; , para quéhacerme el mártir 
PHAD-947;1;muerto;muerto; , para sobrevivir, sehacían los muertos La
PHAD-1296;1;tonto;tonto; , pero decidohacerme el tonto 
PHAD-232;1;distraído;despistado; , pero él sehizo el distraído como
PHAD-744;1;loco;; , pero ella sehacía la loca no
PHAD-490;1;gringo;; , pero ellas sehicieron las gringas y
PHAD-865;1;maje;tonto HOND CRica; , pero éste sehace el maje mira
PHAD-743;1;loco;; , pero no tehagas la loca y
PHAD-307;1;encontradizo;; , poner falta,hacernos las encontradiza
PHAD-359;1;estrecho;; , pues, no sehaga el estrecho 
PHAD-1104;1;santurrón;santo; , que ahora sehacen las santurronas son
PHAD-243;1;distraído;despistado; , que ahora sehacen los distraídos y
PHAD-477;1;gracioso;; , que intentahacerse el gracioso
PHAD-678;1;interesante ;; , que intentabahacerse el interesante,
PHAD-79;1;borde;; , que no sehiciera el borde ni
PHAD-154;1;cojudo;tonto; , que no sehiciera el cojudo Todavía
PHAD-1097;1;santo;santo; , que no sehiciera la santa Me
PHAD-1295;1;tonto;tonto; , que o sehacía el tonto o
PHAD-677;1;interesante ;; , que pretendíahacerse el interesante,
PHAD-398;1;finolis;Delicado; , que quiereshacerte el finolis 
PHAD-322;1;encontradizo ;; , que solíahacerse el encontradizo,
PHAD-1126;1;simpático;; , queriendo (también)hacerse la simpática
PHAD-162;1;compungido;; , quiso establecerhaciéndose el compungido
PHAD-609;1;inocente;; , respondió ella,haciéndose la inocente
PHAD-1245;1;tonto;tonto; , Sara, no tehagas la tonta Devuélveme
PHAD-1183;1;sordo;tonto ; , señora, no sehaga la sorda Y
PHAD-1294;1;tonto;tonto; , Silvio, no tehagas el tonto Mientras
PHAD-1005;1;payaso;gracioso; , Sofi, no tehagas la payasa Ya
PHAD-1004;1;payaso;gracioso; , Sofía, no tehagas la payasa Voy
PHAD-1141;1;simpático;; , sólo pretendíahacerse el simpático
PHAD-371;1;estúpido;; , te gustahacerte la estúpida
PHAD-218;1;difícil;; , tenía quehacerse la difícil
PHAD-1182;1;sordo;tonto ; , tenías quehacerte la sorda 
PHAD-1140;1;simpático;; , tratando dehacerme el simpático
PHAD-1125;1;simpático;; , tratando dehacerse la simpática,
PHAD-1083;1;resignado ;; , y ahacerse el resignado,
PHAD-326;1;enfermo;; , y decidíhacerme la enferma 
PHAD-789;1;loco;; , y Hallstrˆm sehizo el loco No 
PHAD-968;1;occiso;loco Mex; , y si tehaces el occiso te
PHAD-1293;1;tonto;tonto;" ; ¿Qué?sehizo el tonto "
PHAD-1292;1;tonto;tonto;" ; Deja dehacerte el tonto "
PHAD-229;1;distinto;;" ; no porhacerme el distinto"
PHAD-1244;1;tonto;tonto;" ; Pues no tehagas la tonta y"
PHAD-1243;1;tonto;tonto;" ; Venga, no sehaga la tonta sustancias,"
PHAD-883;1;menso;tonto EcEL Salv Hond Mex Nic;" ;Sí, no tehagas la mensa "
PHAD-259;1;duro;; : ¿Por qué tehaces el duro conmigo?
PHAD-925;1;muerto;muerto;" : ""Este hombre sehizo el muerto para"
PHAD-957;1;muerto;; : ´Juega ahacerse la muerta
PHAD-325;1;enfermo;; : ¡Dejá dehacerte la enferma 
PHAD-788;1;loco;; : Ndérana no tehagas el loco negocios
PHAD-742;1;loco;; : Ves, ahora tehaces la loca ¿No
PHAD-787;1;loco;; : vos seguíhaciéndote el loco 
PHAD-528;1;imbécil;tonto, imbécil; : Ya, no sehaga el imbécil 
PHAD-1242;1;tonto;tonto; ! ¡Deja dehacerte la tonta 
PHAD-1192;1;sordo;tonto ; ! ¡Estirada, no tehagas la sorda! ¡Pásame
PHAD-1291;1;tonto;tonto; ! ¡Reconocérnelo! ¡No tehagas el tonto conmigo,
PHAD-786;1;loco;; ! Creo que sehace el loco para
PHAD-1211;1;sordo ;; ! Tengo quehacerme el sordo
PHAD-978;1;ofendido;; ? - respondí intentandohacerme el ofendido 
PHAD-1207;1;sordo;; ? -le preguntéhaciéndome el sordo
PHAD-481;1;gracioso;; ? -le pregunté,haciéndome el gracioso
PHAD-345;1;espiritual;; ? -le preguntóhaciéndose la espiritual
PHAD-1290;1;tonto;tonto; ? -le pregunto,haciéndome el tonto 
PHAD-544;1;importante;; ? -me dijohaciéndose la importante
PHAD-577;1;ingenuo;; ? -preguntaba yohaciéndome el ingenuo 
PHAD-553;1;incrédulo;; ? -preguntó Marianahaciéndose la incrédula
PHAD-946;1;muerto;muerto; ? ¿Qué deseanhacernos los muertos 
PHAD-518;1;idiota;tonto, imbécil; ?dijehaciéndome el idiota 
PHAD-534;1;imbécil;tonto, imbécil; ? Silva: no sehagan los imbéciles ¿cómo
PHAD-29;1;bobo;tonto; ? Vamos, no tehagas la boba ni
PHAD-1289;1;tonto;tonto; ? Venga, no tehagas el tonto tú
PHAD-741;1;loco;; ? Y no tehagas la loca que
PHAD-663;1;interesante;; ? Yo, parahacerte el interesante
PHAD-1241;1;tonto;tonto; ?', se preguntaba,haciéndose la tonta 
PHAD-487;1;grande;; ¿Y una cabra chica a quien casi se le desgarra el útero por hacerse la grande?
PHAD-831;1;loco;; …L ¡No tehagas el loco! Eres
PHAD-667;1;interesante;;" "" me contestahaciéndose el interesante"
PHAD-494;1;güeno;bueno;" "",dijo uno,haciéndose el güeno"" "
PHAD-781;1;loco;; (Estás o tehaces el loco Mark
PHAD-739;1;loco;; ) basta dehacerte la loca 
PHAD-782;1;loco;;-No tehagas el loco aunque
PHAD-542;1;importante;; }=Pues parahacerse el importante
PHAD-466;1;gracioso;; }=Sí, ahorahacete el gracioso,
PHAD-1121;1;simpático;; }=- Amalia: ¡Ahorahacéte la simpática
PHAD-1396;1;vivo;; }=- ANUNCIACI”N - ¡ Hacete el vivo
PHAD-1093;1;samaritano;; No sehaga el samaritano 
PHAD-54;1;boludo;tonto Arg RepDom; No tehagas el boludo Sabes
PHAD-527;1;imbécil;tonto, imbécil; No tehagas el imbécil 
PHAD-1008;1;payaso;gracioso; No tehagas el payaso
PHAD-1284;1;tonto;tonto; No tehagas el tonto Abu
PHAD-1028;1;pendejo;tonto ;¡No tehagas el pendejo Rafael!
PHAD-496;1;güevón;tonto imbécil huevón-perezoso;No tehagas el güevón porque
PHAD-1027;1;pendejo;tonto ;No tehagas el pendejo que
PHAD-1286;1;tonto;tonto;" &ndash; No tehagas el tonto niño,"
PHAD-86;1;bruto;; A lo mejor me hago la bruta para que me traten así.
PHAD-1283;1;tonto;tonto; ABUELA- No tehagas el tonto Entra
PHAD-110;1;cariñoso;; Al llegar las visitas, se hace el cariñoso, para luego volver a tratarte mal.
PHAD-90;1;bueno;; Alcalde, no te hagas el bueno, que no te vamos a votar.
PHAD-1225;1;tontito;tonto; Aurora: No tehagas el tontito ya
PHAD-171;1;culto;; Ay, no tehagas el culto Ya
PHAD-504;1;hueón;tonto, imbécil, huevón-perezoso; Bárbara: No tehagas el hueón ¿Por
PHAD-286;1;encantador;; C- No tehagas el encantador ¡Gracias!
PHAD-1238;1;tonto;tonto; CARNICERO: No tehagas la tonta 
PHAD-1399;1;zonzo;tonto; Dale, no tehagas el zonzo 
PHAD-7;1;alegre;; De ahí que se hiciera el alegre cuando yo me le quejaba de la rodilla,
PHAD-225;1;digno;;" Dejá dehacerte la digna"""
PHAD-190;1;despistado;despistado; Dicho esto, sehizo el despistado y
PHAD-109;1;caradura;; el Despije, muy diplomáticamente cambia de tema o se hace el Caradura.
PHAD-1237;1;tonto;tonto; Elsa- No sehaga la tonta porque
PHAD-1094;1;santito;santo; Epsilon4 Pero tehacés la santita y
PHAD-148;1;cínico;; Fernanda: No tehagas el cínico porque
PHAD-874;1;mártir;; Guillermo- ¿Quiereshacerte la mártir 
PHAD-1000;1;otario;; hacerse el otario
PHAD-217;1;difícil;; hacerse la difícil
PHAD-48;1;boludo;tonto Arg RepDom; Hacete la boluda 
PHAD-884;1;menso;tonto EcEL Salv Hond Mex Nic; Heberto: ¡No tehagas la mensa! 
PHAD-1102;1;santurrón;santo; Hermano: No tehagas el santurrón que
PHAD-1275;1;tonto;tonto; Igual, no noshagamos las tontas y
PHAD-1282;1;tonto;tonto; JORGE: No sehaga el tonto conmigo
PHAD-30;1;bobo;tonto; Josefina sehizo la boba porque
PHAD-1236;1;tonto;tonto; Karina: No tehagas la tonta me
PHAD-780;1;loco;; Laura: No tehagas el loco 
PHAD-1056;1;piola;idiom: el listo Arg; LITO- No tehagás la piola conmigo
PHAD-1235;1;tonto;tonto; LOBO- No tehagas la tonta 
PHAD-1194;1;sordo;tonto ; Los gobernantes sehacen los sordos y
PHAD-1234;1;tonto;tonto; Madre: No tehagas la tonta 
PHAD-358;1;estrecho;; Magda- No tehagas el estrecho Andersen
PHAD-706;1;leso;tonto Chile; Margarita No tehagas el leso 
PHAD-1349;1;triste;; me advirtió que seguro Alvaro se haría el triste pero luego escurriría el bulto, qué remedio.
PHAD-94;1;bueno ;; No se ablanda, porque a ella no se la dan, nadie se la da, y la nueva sólo pretende hacerse la buena.
PHAD-513;1;huevón;tonto, imbécil, huevón-perezoso; No se haga el huevón, compaÑero, ya le dije que necesitamos una carta por semana.
PHAD-113;1;celoso;; No se haga la celosa que no le queda bien. Celoso debería estar yo, pero no soy nada posesivo.
PHAD-338;1;entendido;; No sientes el más mínimo deseo de hacerte el entendido y te arrepientes de no haberle advertido que lo dejara por más tiempo, 
PHAD-192;1;despistado;despistado; No tehagas el despistado tonto
PHAD-258;1;duro;; Papá desconfiaba, sehizo el duro le
PHAD-131;1;chulo;; Pilar: ( haciéndose la chula 
PHAD-587;1;inocente;; por ello se hace totalmente innecesario la colocación de sistemas de calor o iluminación especiales en las jaulas de estos animales,
PHAD-20;1;atrevido;; por lo demás no puede hacerse el atrevido ante mis dos hermanos que están requete contentos con mis nuevas proezas.
PHAD-1281;1;tonto;tonto; Reina- No tehagas el tonto conmigo
PHAD-1233;1;tonto;tonto; Sally: No tehagas la tonta ¿Por
PHAD-573;1;ingenuo;; Se enfadó conmigo, me hice la ingenua para ver si salvaba algo,
PHAD-8;1;amistoso ;; Se preguntaba Olivia si habría sospechado algo. Descartó la idea, pero tuvo que hacerse la amistosa y sonreír,
PHAD-1232;1;tonto;tonto; SEÑORA- No tehagas la tonta ¿Quieres
PHAD-95;1;bueno ;; sino por ti, por hacerte el buena onda, el comprometido, el que sacrifica su vida por su hijo.
PHAD-45;1;bobo;tonto; Sonia No sehagan los bobos En
PHAD-395;1;fino;; Tehaces la fina porque
PHAD-422;1;generoso;;" Te haces el generoso; pero cuando te has acordado de nosotros, sólo ha sido para perjudicarnos."
PHAD-1398;1;zonzo;tonto; Vamos, no tehagas el zonzo que
PHAD-1231;1;tonto;tonto; Venga, no tehagas la tonta acuérdate
PHAD-198;1;desvalido;; Y siempre ha sido muy rentable, con los hombres, hacerse la desvalida. ¿Verdad, querida?
PHAD-1280;1;tonto;tonto; YANET - No tehagas el tonto Sabes
PHAD-107;1;cándido ;;¿Al banco?, pregunté haciéndome el cándido.
PHAD-111;1;cariñoso ;;¿Cuándo vas a venir a verlo?, y tú, haciéndote el cariñoso, el amable, el dispuesto a complacerla.
PHAD-105;1;callado;;¿dónde está mi mundo? ¿por qué no me dices nada? ¿por qué te haces el callado? ¿por qué? 
PHAD-779;1;loco;;¿me entiendes? Tehaces el loco 
PHAD-22;1;avezados;;¿No crees sobrino? Mira ´de los escarmentados se hacen los avezados, yo te lo previne'. ´Ponte muy buzo dijo Caruso'.
PHAD-117;1;chileno;;¿No era sospechoso eso de hacerse el chileno para substraerse al esfuerzo bélico, al de la espantosa lucha,
PHAD-1388;1;vivo;;¿Se hace el vivo? ¿Magda
PHAD-343;1;escéptico;;¿Sí será verdad que se está muriendo? -preguntó Finkelstein haciéndose el escéptico cuando Carmelo le contó lo que le había pasado con el mexicano-
PHAD-882;1;memo;tonto;(Gritando a Yaísunide con la boca llena.) ¡Deja ya de hacerte el memo!
PHAD-996;1;oscuro;;(Se hace el oscuro bruscamente)
PHAD-995;1;oscuro;;(Se hace el oscuro en
PHAD-1086;1;ridículo;;A ver si acabas de pelarme esas papas y dejas de hacerte la ridícula.
PHAD-21;1;ausente;;allí había pasado la vida con toda su truculencia de hacerse la ausente y, pese a ello, era el único vestigio que me decía que allí había transcurrido, en parte, mi primera edad.
PHAD-913;1;mudo;;Amigos chinandeganos de Payo, dicen que no regresó por vergüenza, pues iban a pensar que se hacía el mudo,
PHAD-100;1;bueno ;;Antonio, que se creía una pobre víctima, capaz del sacrificio que significaba perdonar a su mujer y hacerse el bueno. 
PHAD-17;1;arisco;;Bien guacha, se hace la arisca pero le gusta la mamadera.
PHAD-83;1;borracho;;borrachos, ohaciéndonos los borrachos,
PHAD-178;1;demente;;Chris sehace la demente Mi 
PHAD-87;1;bruto;;Claro que lo sabes, no te hagas el bruto. Tengo esa palabra pegada del alma, ya te contaré
PHAD-16;1;arisco;;Confesá que te hacés la arisca porque desde que me vistes hoy a la mañana que estás caliente conmigo.
PHAD-1065;1;puritano;;Conmigo no tienes que hacerte la puritana, ¿Qué cositas me ibas a hacer para que gozara como nunca?
PHAD-993;1;orgulloso;;En ocasiones a cualquiera le da por hacerse el orgulloso y rechazar el convite, 
PHAD-383;1;exquisito;;en tu situación no tenés derecho a hacerte el exquisito así que respirás hondo y retomás la conversación.
PHAD-12;1;apocalíptico;;es legítimo hacernos la misma pregunta que se hace el apocalíptico Sven Birkerts (1999: 285)
PHAD-13;1;apocalíptico;;es legítimo hacernos la misma pregunta que se hace el apocalíptico Sven Birkerts (1999: 285)
PHAD-158;1;colijunto;;Esas sí que son putasdecía la Nancy aludiendo a la letra del bolero- Esas que se hacen las colijuntas y les gusta el hueveo Anda a meterte con una de, huevón, porque te mato -agregó en un murmullo inaudible
PHAD-6;1;agringado;;Escribirás, pero en español, no te harás el agringado ni el sobrado solo porque estás en la Yoni 
PHAD-344;1;escurridizo;;Estoy evadiendo el tema haciéndome la escurridiza conmigo misma,
PHAD-99;1;bueno ;;Fue muy amable, haciéndose el bueno, como era su costumbre... 
PHAD-19;1;armado;;funcionaban en Arica: en una se hacía el armado de televisores, en otra se fabricaban pantallas y tubos, 
PHAD-15;1;apurado;;hacen que no con la cabeza. Ella no insiste mucho porque en realidad sabe que se va al pub irlandés y le da como culpa hacerse la apurada.
PHAD-88;1;bueno;;Ignoro si la nueva va a estar a la altura, pero yo de momento me hago la buena y la simpática, para que la señorita ratifique lo maja que soy y lo que colaboro.
PHAD-78;1;bonito;;Las tres parejas que parecían de conducta dudosa se reían, pero bajito, porque estaban coqueteando, se hacían las bonitas y no querían llamar la atención.
PHAD-98;1;bueno ;;Maquinando sola y haciéndose la buena. En el fondo sabía que Ramón jamás se fijaría en ella.
PHAD-183;1;desinteresado;;me hacía el desinteresado, pero
PHAD-207;1;difícil;;me hacía el difícil, el
PHAD-301;1;encontradizo;;Me hacía el encontradizo. Si
PHAD-390;1;feliz;;me hacía el feliz, pero
PHAD-551;1;incapaz;;me hacía el incapaz para
PHAD-988;1;olvidadizo;;me hacía el olvidadizo y
PHAD-1376;1;vivo;;me hacía el vivo iba
PHAD-619;1;interesado;;me hacía la interesada en
PHAD-1352;1;valiente;;me hacía la valiente al
PHAD-596;1;inocente;;me haga el inocente. ¿Qué
PHAD-1181;1;sordo;;"me haga el sordo"". "
PHAD-1068;1;puto;;me hagas el puto, vení
PHAD-377;1;expedito;;me hago el expedito. Tomo
PHAD-436;1;gracioso;;me hago el gracioso, pero
PHAD-538;1;importante;;me hago el importante, que
PHAD-908;1;modesto;;me hago el modesto: ´No
PHAD-998;1;otario;;Me hago el otario. Doy
PHAD-1173;1;sordo;;me hago el sordo. 
PHAD-1358;1;valiente;;me hago el valiente, que
PHAD-252;1;duro;;me hago la dura aunque
PHAD-285;1;encantado;;me hago la encantada de
PHAD-289;1;encontradizo;;Me hago la encontradiza con
PHAD-629;1;interesante;;me hago la interesante? Lo
PHAD-1114;1;sexy;;me hago la sexy... nada,
PHAD-1214;1;sueco;;me hago la sueca (que
PHAD-623;1;interesante;;me haría el interesante cuando
PHAD-211;1;difícil;;me hice el difícil. A
PHAD-293;1;encontradizo;;me hice el encontradizo frente
PHAD-294;1;encontradizo;;me hice el encontradizo y
PHAD-488;1;grave;;me hice el grave, para
PHAD-560;1;indiferente;;Me hice el indiferente, le
PHAD-997;1;otario;;Me hice el otario. En
PHAD-1156;1;sordo;;Me hice el sordo para
PHAD-1163;1;sordo;;me hice el sordo, otras
PHAD-1172;1;sordo;;me hice el sordo. Llevé
PHAD-251;1;duro;;me hice la dura y
PHAD-288;1;encontradizo;;Me hice la encontradiza en
PHAD-402;1;fuerte;;me hice la fuerte ante
PHAD-525;1;ignorante;;me hice la ignorante de
PHAD-557;1;indiferente;;Me hice la indiferente y
PHAD-921;1;muerto;;Me hice la muerta, me
PHAD-1155;1;sordo;;me hice la sorda, y
PHAD-1351;1;valiente;;me hice la valiente y
PHAD-556;1;indiferente;;me hiciera la indiferente disimulando
PHAD-1347;1;tranquilo;;me hiciera la tranquila y
PHAD-1052;1;perverso;;me hizo el perverso Nakasima,
PHAD-3;1;aburrido;;Mejor dicho no verme contenta, mejor dicho hacerme la aburrida o la impaciente, por despistar.
PHAD-18;1;arisco;;Muy adentro pugna por abrirse camino mi risa, pero prefiero hacerme la arisca y de nuevo nos sumimos en el silencio,
PHAD-1062;1;pro;;No me gusta mentirme a mí mismo, hacerme el pro, el canchero y tener que levantar un programa
PHAD-84;1;bravo;;no Mirá compadre, no te hagás el bravo, ni el sonso, que de tonto no tenés ni el pelote hagás el bravo, ni
PHAD-93;1;bueno ;;No se ablanda, porque a ella no se la dan, nadie se la da, y la nueva sólo pretende hacerse la buena.
PHAD-97;1;bueno ;;No se ablanda, porque a ella no se la dan, nadie se la da, y la nueva sólo pretende hacerse la buena.
PHAD-365;1;estúpido;;no se haga el estúpido! 
PHAD-153;1;cojudo;tonto;No tehagas el cojudo tomar
PHAD-132;1;chulo;;No tehagas la chula que
PHAD-139;1;ciego;;no te hagas el ciego.
PHAD-159;1;cómico;;no te hagas el cómico. 
PHAD-179;1;democrático;;no te hagas el democrático. 
PHAD-213;1;difícil;;no te hagas el difícil. Vos
PHAD-214;1;difícil;;no te hagas el difícil.! ...¡Salí
PHAD-282;1;educado;;no te hagas el educado. 
PHAD-342;1;escéptico;;no te hagas el escéptico, mi
PHAD-367;1;estúpido;;no te hagas el estúpido. 
PHAD-366;1;estúpido;;no te hagas el estúpido. Digo
PHAD-408;1;fuerte;;no te hagas el fuerte, no
PHAD-434;1;gracioso;;no te hagas el gracioso (...)
PHAD-435;1;gracioso;;no te hagas el gracioso conmigo
PHAD-437;1;gracioso;;no te hagas el gracioso, abominación
PHAD-444;1;gracioso;;no te hagas el gracioso. 
PHAD-445;1;gracioso;;no te hagas el gracioso. 
PHAD-446;1;gracioso;;no te hagas el gracioso. 
PHAD-448;1;gracioso;;no te hagas el gracioso. 
PHAD-447;1;gracioso;;no te hagas el gracioso. Desde
PHAD-449;1;gracioso;;no te hagas el gracioso... Sabemos
PHAD-590;1;inocente;;no te hagas el inocente, Oseas.
PHAD-600;1;inocente;;no te hagas el inocente. ¿O
PHAD-695;1;irónico;;no te hagas el irónico que
PHAD-725;1;listo;;no te hagas el listo conmigo...
PHAD-726;1;listo;;no te hagas el listo porque
PHAD-728;1;listo;;no te hagas el listo, vete
PHAD-907;1;modesto;;no te hagas el modesto, ¿cómo
PHAD-914;1;mudo;;no te hagas el mudo. Por
PHAD-965;1;occiso;;no te hagas el occiso, dile
PHAD-966;1;occiso;;no te hagas el occiso, ven
PHAD-1118;1;simpático;;no te hagas el simpático, Canario,
PHAD-1159;1;sordo;;no te hagas el sordo y,
PHAD-1168;1;sordo;;no te hagas el sordo, Raúl.
PHAD-1169;1;sordo;;no te hagas el sordo! me
PHAD-1357;1;valiente;;no te hagas el valiente conmigo...
PHAD-1361;1;valiente;;no te hagas el valiente, güey.
PHAD-1383;1;vivo;;no te hagas el vivo, Cholo,
PHAD-1384;1;vivo;;no te hagas el vivo, estamos
PHAD-1382;1;vivo;;no te hagas el vivo, porque
PHAD-1387;1;vivo;;no te hagas el vivo: los
PHAD-1390;1;vivo;;no te hagas el vivo. 
PHAD-1391;1;vivo;;no te hagas el vivo. 
PHAD-1389;1;vivo;;no te hagas el vivo. Total,
PHAD-1392;1;vivo;;no te hagas el vivo.' 
PHAD-136;1;ciego;;no te hagas la ciega. Tú
PHAD-206;1;difícil;;no te hagas la difícil
PHAD-205;1;difícil;;no te hagas la difícil conmigo.
PHAD-209;1;difícil;;no te hagas la difícil, chica.
PHAD-256;1;duro;;no te hagas la dura! ¡Sé
PHAD-350;1;estrecho;;no te hagas la estrecha, guapa!
PHAD-349;1;estrecho;;no te hagas la estrecha, tía,
PHAD-355;1;estrecho;;no te hagas la estrecha. 
PHAD-356;1;estrecho;;no te hagas la estrecha. Que
PHAD-357;1;estrecho;;"no te hagas la estrecha'&mdash; "
PHAD-363;1;estúpido;;no te hagas la estúpida ¿Cuánto?
PHAD-364;1;estúpido;;no te hagas la estúpida conmigo.
PHAD-526;1;imbécil;;no te hagas la imbécil: nuestro 
PHAD-574;1;ingenuo;;no te hagas la ingenua que
PHAD-576;1;ingenuo;;no te hagas la ingenua. Quizá
PHAD-589;1;inocente;;no te hagas la inocente conmigo
PHAD-588;1;inocente;;no te hagas la inocente que
PHAD-591;1;inocente;;no te hagas la inocente, andas
PHAD-593;1;inocente;;no te hagas la inocente, que
PHAD-595;1;inocente;;no te hagas la inocente! ¿Tu
PHAD-599;1;inocente;;no te hagas la inocente. ¿O
PHAD-626;1;interesante;;no te hagas la interesante al
PHAD-627;1;interesante;;no te hagas la interesante delante
PHAD-693;1;irónico;;no te hagas la irónica conmigo.
PHAD-701;1;lánguido;;no te hagas la lánguida que
PHAD-887;1;misterioso;;no te hagas la misteriosa. Acto
PHAD-1373;1;vivo;;no te hagas la viva ¿eh?
PHAD-1374;1;vivo;;no te hagas la viva porque
PHAD-1375;1;vivo;;no te hagas la viva... 
PHAD-354;1;estrecho;;no te harás la estrecha. No
PHAD-351;1;estrecho;;no te me hagas la estrecha.
PHAD-554;1;independiente;;nos hagamos las independientes y
PHAD-81;1;borracho;;Nos hicimos los borrachos, cantamos
PHAD-1230;1;tonto;;"Nos hicimos los tontos"", dice"
PHAD-169;1;culto;;os hagáis las cultas. Yo
PHAD-14;1;apocalíptico;;Paul Ehrlich juega a hacerse el apocalíptico en la réplica de las Puertas del Infierno en la Universidad de Stanford. 
PHAD-96;1;bueno ;;Pelotuda, no vengas ahora a hacerte la buena porque estás embarazada, si siempre fuiste la misma jodida.
PHAD-149;1;cínico;;Pensé que tu presencia aquí era para hacerte el cínico.
PHAD-1350;1;tullido;;"pero hay que tener cuidado no vayan a sospechar que les est·s ""escarbando"". Te haces la tullida de la lengua, no habl·s, deja que ellas lleven el hilo,"
PHAD-389;1;favorito;;pero lo que m·s generó fue adeptos a la lectura de sus libros. Se hizo el favorito de los jóvenes literatos y de otros muchos universitarios. 
PHAD-497;1;güevón;tonto imbécil huevón-perezoso;Podés hacerte el güevón el tiempo que querás pero llega un momento en el que despertás.
PHAD-248;1;divertido;;Porta guiñó un ojo haciéndose el divertido.
PHAD-11;1;angosto;;Primaveras. ¿Primaveras?, no se hagan las angostas. Bueno, chuflay para todos, qué les parece. 
PHAD-403;1;fuerte;;Recuerdo que me hice la fuerte ante todos, especialmente al principio
PHAD-738;1;loco;;"sehace la loca"" ante"
PHAD-137;1;ciego;;se hace el ciego y
PHAD-295;1;encontradizo;;Se hace el encontradizo con
PHAD-299;1;encontradizo;;se hace el encontradizo ya
PHAD-404;1;fuerte;;se hace el fuerte para
PHAD-443;1;gracioso;;se hace el gracioso. Prometes,
PHAD-558;1;indiferente;;se hace el indiferente sin
PHAD-564;1;indiferente;;se hace el indiferente? Pues
PHAD-624;1;interesante;;se hace el interesante y
PHAD-722;1;listo;;se hace el listo y
PHAD-888;1;misterioso;;se hace el misterioso, pero
PHAD-990;1;olvidadizo;;se hace el olvidadizo, porque
PHAD-1053;1;pesado;;se hace el pesado. 
PHAD-1069;1;raro;;se hace el raro. Un
PHAD-1107;1;sensible;;Se hace el sensible, no
PHAD-1117;1;simpático;;se hace el simpático pero
PHAD-1171;1;sordo;;se hace el sordo? ¡Mire
PHAD-1174;1;sordo;;se hace el sordo. 
PHAD-1175;1;sordo;;se hace el sordo. 
PHAD-1178;1;sordo;;se hace el sordo. Hace
PHAD-1348;1;travieso;;se hace el travieso Gonzalo&
PHAD-1355;1;valiente;;se hace el valiente y
PHAD-89;1;bueno;;Se hace la buena igual que la otra. Pero no le pediré nada.
PHAD-253;1;duro;;se hace la dura conmigo,
PHAD-254;1;duro;;se hace la dura para
PHAD-291;1;encontradizo;;se hace la encontradiza para
PHAD-346;1;esquiva;;se hace la esquiva, que
PHAD-347;1;esquiva;;se hace la esquiva. Por
PHAD-352;1;estrecho;;se hace la estrecha. De
PHAD-353;1;estrecho;;se hace la estrecha. Primero
PHAD-405;1;fuerte;;se hace la fuerte para
PHAD-561;1;indiferente;;se hace la indiferente, como
PHAD-562;1;indiferente;;se hace la indiferente, con
PHAD-563;1;indiferente;;se hace la indiferente, señal
PHAD-575;1;ingenuo;;se hace la ingenua. Me
PHAD-594;1;inocente;;se hace la inocente! Con
PHAD-598;1;inocente;;se hace la inocente. 
PHAD-625;1;interesante;;se hace la interesante no
PHAD-630;1;interesante;;se hace la interesante. 
PHAD-632;1;interesante;;se hace la interesante. Es
PHAD-720;1;listo;;se hace la lista de
PHAD-869;1;malo;;se hace la mala, Un
PHAD-909;1;modesto;;se hace la molesta, piensa.
PHAD-920;1;muerto;;se hace la muerta cuando
PHAD-923;1;muerto;;se hace la muerta. Qué
PHAD-292;1;encontradizo;;se hacen las encontradizas en
PHAD-82;1;borracho;;se hacen los borrachos. Y
PHAD-185;1;despistado;;se hacen los despistados mirando
PHAD-515;1;humilde;;se hacen los humildes. 
PHAD-552;1;incauto;;se hacen los incautos, los
PHAD-633;1;interesante;;Se hacen los interesantes o
PHAD-634;1;interesante;;se hacen los interesantes. 
PHAD-1001;1;pacifista;;se hacen los pacifistas, porque
PHAD-1227;1;tonto;;se hacen los tontos o
PHAD-1394;1;vivo;;se hacen los vivos y
PHAD-208;1;difícil;;se hacía el difícil, como
PHAD-297;1;encontradizo;;se hacía el encontradizo en
PHAD-298;1;encontradizo;;se hacía el encontradizo y
PHAD-335;1;enigmático;;se hacía el enigmático. Off
PHAD-406;1;fuerte;;se hacía el fuerte, y
PHAD-433;1;gracioso;;Se hacía el gracioso y
PHAD-559;1;indiferente;;se hacía el indiferente pero
PHAD-565;1;indiferente;;se hacía el indiferente. Por
PHAD-724;1;listo;;se hacía el listo y
PHAD-727;1;listo;;se hacía el listo, y
PHAD-906;1;modesto;;se hacía el modesto, pero
PHAD-989;1;olvidadizo;;se hacía el olvidadizo con
PHAD-1067;1;puto;;se hacía el puto para
PHAD-1116;1;simpático;;se hacía el simpático con
PHAD-1164;1;sordo;;se hacía el sordo, como
PHAD-1176;1;sordo;;se hacía el sordo. 
PHAD-1177;1;sordo;;se hacía el sordo. 
PHAD-1179;1;sordo;;se hacía el sordo. Al
PHAD-1353;1;valiente;;se hacía el valiente por
PHAD-181;1;desconcertado;;se hacía la desconcertada, la
PHAD-212;1;difícil;;se hacía la difícil. Estaba
PHAD-290;1;encontradizo;;se hacía la encontradiza con
PHAD-407;1;fuerte;;se hacía la fuerte, aquel
PHAD-631;1;interesante;;se hacía la interesante. 
PHAD-702;1;lánguido;;Se hacía la lánguida, la
PHAD-1049;1;permanente;;se hacía la permanente en
PHAD-1087;1;rogado;;Se hacía la rogada, sentía
PHAD-1050;1;permanente;;se hacían la permanente: La
PHAD-215;1;difícil;;se hacían las difíciles, cosa
PHAD-305;1;encontradizo;;se hacían los encontradizos. Le
PHAD-692;1;invisible;;se hacían los invisibles. Sabían
PHAD-1119;1;simpático;;se hacían los simpáticos. 
PHAD-1224;1;tímido;;se hacían los tímidos para
PHAD-1228;1;tonto;;"Se hacían los tontos; como"
PHAD-1229;1;tonto;;se hacían los tontos. 
PHAD-182;1;desinteresado;;se haga el desinteresado ahora!...
PHAD-431;1;gracioso;;se haga el gracioso conmigo.
PHAD-432;1;gracioso;;se haga el gracioso que
PHAD-438;1;gracioso;;se haga el gracioso! Descubrimos,
PHAD-442;1;gracioso;;se haga el gracioso. 
PHAD-441;1;gracioso;;se haga el gracioso. Usted
PHAD-723;1;listo;;se haga el listo y
PHAD-1167;1;sordo;;se haga el sordo, Quiñones.
PHAD-1170;1;sordo;;se haga el sordo!' Era
PHAD-1356;1;valiente;;se haga el valiente pues
PHAD-1363;1;valiente;;se haga el valiente. 
PHAD-1364;1;valiente;;se haga el valiente. 
PHAD-1380;1;vivo;;se haga el vivo, a
PHAD-396;1;fino;;se haga la fina, que
PHAD-597;1;inocente;;se haga la inocente. El
PHAD-614;1;intelectual;;se haga la intelectual. 
PHAD-919;1;muerto;;se hará la muerta para
PHAD-304;1;encontradizo;;se harían los encontradizos, en
PHAD-1150;1;sobrado;;se hiciera el sobrado allí,
PHAD-1166;1;sordo;;se hiciera el sordo, había
PHAD-1354;1;valiente;;se hiciera el valiente con
PHAD-714;1;liberal;;se hiciera la liberal, que
PHAD-737;1;loco;;"se hiciera la loca; era"
PHAD-200;1;diferente;;se hicieron los diferentes tipos
PHAD-303;1;encontradizo;;se hicieron los encontradizos porque
PHAD-999;1;otario;;"se hicieron los otarios"". "
PHAD-1226;1;tonto;;se hicieron los tontos aquellos
PHAD-1381;1;vivo;;se hiciese el vivo, yo,
PHAD-138;1;ciego;;se hizo el ciego, y
PHAD-141;1;ciego;;se hizo el ciego... 
PHAD-184;1;desinteresado;;se hizo el desinteresado. 
PHAD-203;1;difícil;;Se hizo el difícil a
PHAD-296;1;encontradizo;;se hizo el encontradizo con
PHAD-300;1;encontradizo;;se hizo el encontradizo, y
PHAD-302;1;encontradizo;;se hizo el encontradizo. Unos
PHAD-536;1;importante;;se hizo el importante y
PHAD-694;1;irónico;;se hizo el irónico
PHAD-889;1;misterioso;;se hizo el misterioso. Los
PHAD-962;1;occiso;;se hizo el occiso y
PHAD-963;1;occiso;;se hizo el occiso y
PHAD-991;1;olvidadizo;;se hizo el olvidadizo. Conscientes
PHAD-1047;1;pensativo;;se hizo el pensativo. 
PHAD-1048;1;perdedizo;;se hizo el perdedizo. La
PHAD-1157;1;sordo;;se hizo el sordo con
PHAD-1158;1;sordo;;se hizo el sordo y
PHAD-1162;1;sordo;;se hizo el sordo-. Si
PHAD-1165;1;sordo;;se hizo el sordo, no
PHAD-1180;1;sordo;;se hizo el sordo. Con
PHAD-1362;1;valiente;;se hizo el valiente. 
PHAD-1378;1;vivo;;se hizo el vivo, no
PHAD-1379;1;vivo;;se hizo el vivo, no
PHAD-1385;1;vivo;;se hizo el vivo: la
PHAD-1386;1;vivo;;se hizo el vivo: la
PHAD-176;1;decente;;se hizo la decente, escandalizada,
PHAD-202;1;difícil;;se hizo la difícil para
PHAD-210;1;difícil;;"se hizo la difícil; estaba"
PHAD-922;1;muerto;;se hizo la muerta, aunque
PHAD-1051;1;permanente;;se hizo la permanente. Fue
PHAD-1215;1;sueco;;se hizo la sueca. El
PHAD-1216;1;sueco;;se hizo la sueca. Yo
PHAD-1359;1;valiente;;se hizo la valiente, no
PHAD-9;1;amistoso ;;"Se oyó una descarga de fusiles a lo lejos y quise hacerme el amistoso: ""¿Y eso?"", pregunté. "
PHAD-104;1;caliente ;;Sonia. Como te gusta provocar. Por gusto, por hacerte el caliente.
PHAD-1393;1;vivo;;"tehacés el vivo"". Pero"
PHAD-881;1;mejor;;"te hace el mejor"". "
PHAD-2;1;aburrido;;Te haces el aburrido. ¿Que está Claudia Schiffer en bolas en la cabina de al lado? 
PHAD-140;1;ciego;;te haces el ciego. Eso
PHAD-167;1;cretino;;te haces el cretino con
PHAD-257;1;duro;;te haces el duro... (Sergio
PHAD-400;1;formalito;;Te haces el formalito y
PHAD-439;1;gracioso;;te hacés el gracioso? 
PHAD-592;1;inocente;;te haces el inocente, que
PHAD-964;1;occiso;;te haces el occiso te
PHAD-1360;1;valiente;;te haces el valiente, la
PHAD-199;1;diferente;;te haces la diferente, te
PHAD-204;1;difícil;;te haces la difícil si
PHAD-255;1;duro;;te hacés la dura, pero
PHAD-430;1;gracioso;;te haces la graciosa. Si
PHAD-628;1;interesante;;Te haces la interesante y
PHAD-1220;1;tarado;;te haces la tarada conmigo.
PHAD-1160;1;sordo;;te hacías el sordo cuando
PHAD-348;1;estrecho;;te hacías la estrecha y
PHAD-397;1;fino;;te hagás el fino acá...
PHAD-440;1;gracioso;;te hagás el gracioso? No
PHAD-1377;1;vivo;;te hagás el vivo que
PHAD-429;1;gracioso;;te hagás la graciosa, que
PHAD-537;1;importante;;te hagás la importante grita
PHAD-721;1;listo;;te haré la lista de
PHAD-924;1;muerto;;te hicieras la muerta. Llegada
PHAD-1161;1;sordo;;te hiciste el sordo para
PHAD-1219;1;superloco;loco;Tengo que hacerme la superloca, la gran pájara pinta, para ver si así escapo con la piel y los huesos.
PHAD-186;1;despistado;;Unos se hacían los despistados y me pasaban por alto como si yo fuese una hormiga entre las junturas de los azulejos
PHAD-1;1;abstraído;;y hasta le grité a adolfo, que estaba en una estantería, haciéndose el abstraído
PHAD-103;1;cachas;;yo creo que le baila el ojo, se hace el cachas para disimular, pero a mí no me engaÑa.
PHAD-108;1;canyengue;;Yo no me hago la canyengue, la tanguera. Hablo desde mí, ahora, aquí. Que quede claro: hago la música desde mí.